,date,surge,dayofweek,dayofmonth,hourofday,minuteofhour,minuteofday
0,2016-01-24 13:00:00,1.0,6,24,13,0,780
1,2016-01-24 13:05:01,1.0,6,24,13,5,785
2,2016-01-24 13:10:02,1.3,6,24,13,10,790
3,2016-01-24 13:15:03,1.8,6,24,13,15,795
4,2016-01-24 13:20:05,1.0,6,24,13,20,800
5,2016-01-24 13:25:06,1.0,6,24,13,25,805
6,2016-01-24 13:30:07,1.4,6,24,13,30,810
7,2016-01-24 13:35:09,1.2,6,24,13,35,815
8,2016-01-24 13:40:10,1.0,6,24,13,40,820
9,2016-01-24 13:45:11,1.0,6,24,13,45,825
10,2016-01-24 13:50:12,1.0,6,24,13,50,830
11,2016-01-24 13:55:14,1.0,6,24,13,55,835
12,2016-01-24 14:00:15,1.0,6,24,14,0,840
13,2016-01-24 14:05:16,1.0,6,24,14,5,845
14,2016-01-24 14:10:18,1.0,6,24,14,10,850
15,2016-01-24 14:15:19,1.0,6,24,14,15,855
16,2016-01-24 14:20:20,1.0,6,24,14,20,860
17,2016-01-24 14:25:21,1.0,6,24,14,25,865
18,2016-01-24 14:30:23,1.0,6,24,14,30,870
19,2016-01-24 14:35:24,1.2,6,24,14,35,875
20,2016-01-24 14:40:25,1.0,6,24,14,40,880
21,2016-01-24 14:45:26,1.0,6,24,14,45,885
22,2016-01-24 14:50:28,1.0,6,24,14,50,890
23,2016-01-24 14:55:29,1.0,6,24,14,55,895
24,2016-01-24 15:00:30,1.0,6,24,15,0,900
25,2016-01-24 15:05:31,1.0,6,24,15,5,905
26,2016-01-24 15:10:33,1.0,6,24,15,10,910
27,2016-01-24 15:15:34,1.0,6,24,15,15,915
28,2016-01-24 15:20:35,1.0,6,24,15,20,920
29,2016-01-24 15:25:36,1.0,6,24,15,25,925
30,2016-01-24 15:30:37,1.0,6,24,15,30,930
31,2016-01-24 15:35:38,1.0,6,24,15,35,935
32,2016-01-24 15:40:40,1.0,6,24,15,40,940
33,2016-01-24 15:45:41,1.0,6,24,15,45,945
34,2016-01-24 15:50:43,1.0,6,24,15,50,950
35,2016-01-24 15:55:44,1.0,6,24,15,55,955
36,2016-01-24 16:00:45,1.0,6,24,16,0,960
37,2016-01-24 16:05:46,1.0,6,24,16,5,965
38,2016-01-24 16:10:47,1.0,6,24,16,10,970
39,2016-01-24 16:15:48,1.0,6,24,16,15,975
40,2016-01-24 16:20:50,1.0,6,24,16,20,980
41,2016-01-24 16:25:51,1.0,6,24,16,25,985
42,2016-01-24 16:30:52,1.0,6,24,16,30,990
43,2016-01-24 16:35:54,1.0,6,24,16,35,995
44,2016-01-24 16:40:55,1.0,6,24,16,40,1000
45,2016-01-24 16:45:56,1.0,6,24,16,45,1005
46,2016-01-24 16:50:58,1.0,6,24,16,50,1010
47,2016-01-24 16:55:59,1.0,6,24,16,55,1015
48,2016-01-24 17:01:00,1.0,6,24,17,1,1021
49,2016-01-24 17:06:01,1.0,6,24,17,6,1026
50,2016-01-24 17:11:03,1.0,6,24,17,11,1031
51,2016-01-24 17:16:04,1.0,6,24,17,16,1036
52,2016-01-24 17:21:05,1.0,6,24,17,21,1041
53,2016-01-24 17:26:07,1.0,6,24,17,26,1046
54,2016-01-24 17:31:08,1.0,6,24,17,31,1051
55,2016-01-24 17:36:09,1.0,6,24,17,36,1056
56,2016-01-24 17:41:10,1.0,6,24,17,41,1061
57,2016-01-24 17:46:11,1.2,6,24,17,46,1066
58,2016-01-24 17:51:12,1.5,6,24,17,51,1071
59,2016-01-24 17:56:14,1.0,6,24,17,56,1076
60,2016-01-24 18:01:15,1.0,6,24,18,1,1081
61,2016-01-24 18:06:16,1.2,6,24,18,6,1086
62,2016-01-24 18:11:18,1.9,6,24,18,11,1091
63,2016-01-24 18:16:19,1.5,6,24,18,16,1096
64,2016-01-24 18:21:20,1.0,6,24,18,21,1101
65,2016-01-24 18:26:21,1.0,6,24,18,26,1106
66,2016-01-24 18:31:22,1.0,6,24,18,31,1111
67,2016-01-24 18:36:24,1.2,6,24,18,36,1116
68,2016-01-24 18:41:25,2.8,6,24,18,41,1121
69,2016-01-24 18:46:26,2.8,6,24,18,46,1126
70,2016-01-24 18:51:28,1.5,6,24,18,51,1131
71,2016-01-24 18:56:29,1.2,6,24,18,56,1136
72,2016-01-24 19:01:30,2.7,6,24,19,1,1141
73,2016-01-24 19:06:32,1.8,6,24,19,6,1146
74,2016-01-24 19:11:33,1.0,6,24,19,11,1151
75,2016-01-24 19:16:34,1.4,6,24,19,16,1156
76,2016-01-24 19:21:36,1.8,6,24,19,21,1161
77,2016-01-24 19:26:37,1.0,6,24,19,26,1166
78,2016-01-24 19:31:38,1.0,6,24,19,31,1171
79,2016-01-24 19:36:40,1.0,6,24,19,36,1176
80,2016-01-24 19:41:41,1.0,6,24,19,41,1181
81,2016-01-24 19:46:42,1.0,6,24,19,46,1186
82,2016-01-24 19:51:43,1.0,6,24,19,51,1191
83,2016-01-24 19:56:45,1.0,6,24,19,56,1196
84,2016-01-24 20:01:46,1.0,6,24,20,1,1201
85,2016-01-24 20:06:47,1.0,6,24,20,6,1206
86,2016-01-24 20:11:48,1.0,6,24,20,11,1211
87,2016-01-24 20:16:50,1.0,6,24,20,16,1216
88,2016-01-24 20:21:51,1.0,6,24,20,21,1221
89,2016-01-24 20:26:52,1.0,6,24,20,26,1226
90,2016-01-24 20:31:53,1.0,6,24,20,31,1231
91,2016-01-24 20:36:55,1.0,6,24,20,36,1236
92,2016-01-24 20:41:56,1.0,6,24,20,41,1241
93,2016-01-24 20:46:57,1.0,6,24,20,46,1246
94,2016-01-24 20:51:58,1.0,6,24,20,51,1251
95,2016-01-24 20:57:00,1.0,6,24,20,57,1257
96,2016-01-24 21:02:01,1.0,6,24,21,2,1262
97,2016-01-24 21:07:02,1.0,6,24,21,7,1267
98,2016-01-24 21:12:03,1.0,6,24,21,12,1272
99,2016-01-24 21:17:05,1.0,6,24,21,17,1277
100,2016-01-24 21:22:06,1.0,6,24,21,22,1282
101,2016-01-24 21:27:08,1.2,6,24,21,27,1287
102,2016-01-24 21:32:09,1.0,6,24,21,32,1292
103,2016-01-24 21:37:10,1.0,6,24,21,37,1297
104,2016-01-24 21:42:11,1.0,6,24,21,42,1302
105,2016-01-24 21:47:12,1.0,6,24,21,47,1307
106,2016-01-24 21:52:14,1.0,6,24,21,52,1312
107,2016-01-24 21:57:15,1.0,6,24,21,57,1317
108,2016-01-24 22:02:16,1.5,6,24,22,2,1322
109,2016-01-24 22:07:18,1.6,6,24,22,7,1327
110,2016-01-24 22:12:19,1.3,6,24,22,12,1332
111,2016-01-24 22:17:21,1.0,6,24,22,17,1337
112,2016-01-24 22:22:22,1.0,6,24,22,22,1342
113,2016-01-24 22:27:23,1.0,6,24,22,27,1347
114,2016-01-24 22:32:24,1.4,6,24,22,32,1352
115,2016-01-24 22:37:26,1.3,6,24,22,37,1357
116,2016-01-24 22:42:27,1.0,6,24,22,42,1362
117,2016-01-24 22:47:29,1.0,6,24,22,47,1367
118,2016-01-24 22:52:30,1.0,6,24,22,52,1372
119,2016-01-24 22:57:31,1.0,6,24,22,57,1377
120,2016-01-24 23:02:32,1.0,6,24,23,2,1382
121,2016-01-24 23:07:33,1.0,6,24,23,7,1387
122,2016-01-24 23:12:34,1.0,6,24,23,12,1392
123,2016-01-24 23:17:36,1.0,6,24,23,17,1397
124,2016-01-24 23:22:37,1.0,6,24,23,22,1402
125,2016-01-24 23:27:38,1.0,6,24,23,27,1407
126,2016-01-24 23:32:39,1.0,6,24,23,32,1412
127,2016-01-24 23:37:41,1.0,6,24,23,37,1417
128,2016-01-24 23:42:42,1.0,6,24,23,42,1422
129,2016-01-24 23:47:43,1.0,6,24,23,47,1427
130,2016-01-24 23:52:45,1.0,6,24,23,52,1432
131,2016-01-24 23:57:46,1.0,6,24,23,57,1437
132,2016-01-25 00:02:47,1.0,0,25,0,2,2
133,2016-01-25 00:07:48,1.3,0,25,0,7,7
134,2016-01-25 00:12:49,1.0,0,25,0,12,12
135,2016-01-25 00:17:51,1.0,0,25,0,17,17
136,2016-01-25 00:22:52,1.0,0,25,0,22,22
137,2016-01-25 00:27:53,1.0,0,25,0,27,27
138,2016-01-25 00:32:54,1.0,0,25,0,32,32
139,2016-01-25 00:37:56,1.0,0,25,0,37,37
140,2016-01-25 00:42:57,1.0,0,25,0,42,42
141,2016-01-25 00:47:58,1.0,0,25,0,47,47
142,2016-01-25 00:52:59,1.0,0,25,0,52,52
143,2016-01-25 00:58:01,1.0,0,25,0,58,58
144,2016-01-25 01:03:02,1.0,0,25,1,3,63
145,2016-01-25 01:08:03,1.0,0,25,1,8,68
146,2016-01-25 01:13:04,1.0,0,25,1,13,73
147,2016-01-25 01:18:05,1.0,0,25,1,18,78
148,2016-01-25 01:23:07,1.0,0,25,1,23,83
149,2016-01-25 01:28:08,1.0,0,25,1,28,88
150,2016-01-25 01:33:09,1.0,0,25,1,33,93
151,2016-01-25 01:38:10,1.0,0,25,1,38,98
152,2016-01-25 01:43:11,1.0,0,25,1,43,103
153,2016-01-25 01:48:12,1.0,0,25,1,48,108
154,2016-01-25 01:53:18,1.0,0,25,1,53,113
155,2016-01-25 01:58:19,1.0,0,25,1,58,118
156,2016-01-25 02:03:20,1.0,0,25,2,3,123
157,2016-01-25 02:08:21,1.0,0,25,2,8,128
158,2016-01-25 02:13:22,1.0,0,25,2,13,133
159,2016-01-25 02:18:23,1.0,0,25,2,18,138
160,2016-01-25 02:23:24,1.0,0,25,2,23,143
161,2016-01-25 02:28:26,1.0,0,25,2,28,148
162,2016-01-25 02:33:27,1.0,0,25,2,33,153
163,2016-01-25 02:38:28,1.0,0,25,2,38,158
164,2016-01-25 02:43:29,1.0,0,25,2,43,163
165,2016-01-25 02:48:30,1.0,0,25,2,48,168
166,2016-01-25 02:53:31,1.0,0,25,2,53,173
167,2016-01-25 02:58:33,1.0,0,25,2,58,178
168,2016-01-25 03:03:34,1.0,0,25,3,3,183
169,2016-01-25 03:08:36,1.0,0,25,3,8,188
170,2016-01-25 03:13:37,1.0,0,25,3,13,193
171,2016-01-25 03:18:38,1.0,0,25,3,18,198
172,2016-01-25 03:23:40,1.0,0,25,3,23,203
173,2016-01-25 03:28:41,1.0,0,25,3,28,208
174,2016-01-25 03:33:42,1.0,0,25,3,33,213
175,2016-01-25 03:38:43,1.0,0,25,3,38,218
176,2016-01-25 03:43:44,1.0,0,25,3,43,223
177,2016-01-25 03:48:46,1.0,0,25,3,48,228
178,2016-01-25 03:53:47,1.0,0,25,3,53,233
179,2016-01-25 03:58:48,1.0,0,25,3,58,238
180,2016-01-25 04:03:49,1.0,0,25,4,3,243
181,2016-01-25 04:08:51,1.0,0,25,4,8,248
182,2016-01-25 04:13:52,1.0,0,25,4,13,253
183,2016-01-25 04:18:53,1.0,0,25,4,18,258
184,2016-01-25 04:23:54,1.0,0,25,4,23,263
185,2016-01-25 04:28:56,1.0,0,25,4,28,268
186,2016-01-25 04:33:57,1.8,0,25,4,33,273
187,2016-01-25 04:38:58,2.5,0,25,4,38,278
188,2016-01-25 04:43:59,1.0,0,25,4,43,283
189,2016-01-25 04:49:00,1.0,0,25,4,49,289
190,2016-01-25 04:54:01,1.6,0,25,4,54,294
191,2016-01-25 04:59:02,1.0,0,25,4,59,299
192,2016-01-25 05:04:04,2.1,0,25,5,4,304
193,2016-01-25 05:09:05,1.2,0,25,5,9,309
194,2016-01-25 05:14:06,1.0,0,25,5,14,314
195,2016-01-25 05:19:07,1.2,0,25,5,19,319
196,2016-01-25 05:24:09,1.9,0,25,5,24,324
197,2016-01-25 05:29:10,1.2,0,25,5,29,329
198,2016-01-25 05:34:11,1.0,0,25,5,34,334
199,2016-01-25 05:39:12,1.0,0,25,5,39,339
200,2016-01-25 05:44:14,2.2,0,25,5,44,344
201,2016-01-25 05:49:15,1.6,0,25,5,49,349
202,2016-01-25 05:54:16,1.4,0,25,5,54,354
203,2016-01-25 05:59:17,1.4,0,25,5,59,359
204,2016-01-25 06:04:18,2.0,0,25,6,4,364
205,2016-01-25 06:09:19,2.3,0,25,6,9,369
206,2016-01-25 06:14:21,1.4,0,25,6,14,374
207,2016-01-25 06:19:22,1.9,0,25,6,19,379
208,2016-01-25 06:24:23,1.8,0,25,6,24,384
209,2016-01-25 06:29:25,1.4,0,25,6,29,389
210,2016-01-25 06:34:26,2.3,0,25,6,34,394
211,2016-01-25 06:39:27,3.5,0,25,6,39,399
212,2016-01-25 06:44:28,3.1,0,25,6,44,404
213,2016-01-25 06:49:29,2.5,0,25,6,49,409
214,2016-01-25 06:54:30,2.0,0,25,6,54,414
215,2016-01-25 06:59:31,2.2,0,25,6,59,419
216,2016-01-25 07:04:33,2.8,0,25,7,4,424
217,2016-01-25 07:09:34,2.6,0,25,7,9,429
218,2016-01-25 07:14:35,1.8,0,25,7,14,434
219,2016-01-25 07:19:36,2.7,0,25,7,19,439
220,2016-01-25 07:24:37,2.9,0,25,7,24,444
221,2016-01-25 07:29:39,2.4,0,25,7,29,449
222,2016-01-25 07:34:40,2.7,0,25,7,34,454
223,2016-01-25 07:39:41,2.7,0,25,7,39,459
224,2016-01-25 07:44:42,2.7,0,25,7,44,464
225,2016-01-25 07:49:43,3.1,0,25,7,49,469
226,2016-01-25 07:54:44,2.7,0,25,7,54,474
227,2016-01-25 07:59:46,1.9,0,25,7,59,479
228,2016-01-25 08:04:47,2.1,0,25,8,4,484
229,2016-01-25 08:09:48,3.4,0,25,8,9,489
230,2016-01-25 08:14:49,3.0,0,25,8,14,494
231,2016-01-25 08:19:50,2.3,0,25,8,19,499
232,2016-01-25 08:24:52,2.7,0,25,8,24,504
233,2016-01-25 08:29:53,2.8,0,25,8,29,509
234,2016-01-25 08:34:54,2.7,0,25,8,34,514
235,2016-01-25 08:39:55,2.7,0,25,8,39,519
236,2016-01-25 08:44:56,2.4,0,25,8,44,524
237,2016-01-25 08:49:57,2.2,0,25,8,49,529
238,2016-01-25 08:55:04,3.0,0,25,8,55,535
239,2016-01-25 09:00:05,2.2,0,25,9,0,540
240,2016-01-25 09:05:07,1.6,0,25,9,5,545
241,2016-01-25 09:10:08,1.5,0,25,9,10,550
242,2016-01-25 09:15:09,2.1,0,25,9,15,555
243,2016-01-25 09:20:10,1.0,0,25,9,20,560
244,2016-01-25 09:25:11,1.0,0,25,9,25,565
245,2016-01-25 09:30:12,1.4,0,25,9,30,570
246,2016-01-25 09:35:13,1.5,0,25,9,35,575
247,2016-01-25 09:40:15,1.0,0,25,9,40,580
248,2016-01-25 09:45:16,1.0,0,25,9,45,585
249,2016-01-25 09:50:17,1.0,0,25,9,50,590
250,2016-01-25 09:55:18,1.0,0,25,9,55,595
251,2016-01-25 10:00:19,1.0,0,25,10,0,600
252,2016-01-25 10:05:20,1.0,0,25,10,5,605
253,2016-01-25 10:10:21,1.0,0,25,10,10,610
254,2016-01-25 10:15:23,1.0,0,25,10,15,615
255,2016-01-25 10:20:24,1.0,0,25,10,20,620
256,2016-01-25 10:25:25,1.0,0,25,10,25,625
257,2016-01-25 10:30:27,1.0,0,25,10,30,630
258,2016-01-25 10:35:28,1.0,0,25,10,35,635
259,2016-01-25 10:40:29,1.0,0,25,10,40,640
260,2016-01-25 10:45:30,1.0,0,25,10,45,645
261,2016-01-25 10:50:31,1.0,0,25,10,50,650
262,2016-01-25 10:55:32,1.0,0,25,10,55,655
263,2016-01-25 11:00:33,1.0,0,25,11,0,660
264,2016-01-25 11:05:35,1.0,0,25,11,5,665
265,2016-01-25 11:10:36,1.0,0,25,11,10,670
266,2016-01-25 11:15:37,1.0,0,25,11,15,675
267,2016-01-25 11:20:38,1.0,0,25,11,20,680
268,2016-01-25 11:25:40,1.0,0,25,11,25,685
269,2016-01-25 11:30:41,1.0,0,25,11,30,690
270,2016-01-25 11:35:42,1.0,0,25,11,35,695
271,2016-01-25 11:40:44,1.0,0,25,11,40,700
272,2016-01-25 11:45:45,1.0,0,25,11,45,705
273,2016-01-25 11:50:46,1.0,0,25,11,50,710
274,2016-01-25 11:55:47,1.0,0,25,11,55,715
275,2016-01-25 12:00:49,1.0,0,25,12,0,720
276,2016-01-25 12:05:50,1.0,0,25,12,5,725
277,2016-01-25 12:10:51,1.0,0,25,12,10,730
278,2016-01-25 12:15:52,1.0,0,25,12,15,735
279,2016-01-25 12:20:53,1.0,0,25,12,20,740
280,2016-01-25 12:25:54,1.0,0,25,12,25,745
281,2016-01-25 12:30:56,1.0,0,25,12,30,750
282,2016-01-25 12:35:57,1.0,0,25,12,35,755
283,2016-01-25 12:40:58,1.0,0,25,12,40,760
284,2016-01-25 12:45:59,1.0,0,25,12,45,765
285,2016-01-25 12:51:00,1.0,0,25,12,51,771
286,2016-01-25 12:56:02,1.0,0,25,12,56,776
287,2016-01-25 13:01:03,1.0,0,25,13,1,781
288,2016-01-25 13:06:04,1.0,0,25,13,6,786
289,2016-01-25 13:11:05,1.0,0,25,13,11,791
290,2016-01-25 13:16:07,1.0,0,25,13,16,796
291,2016-01-25 13:21:08,1.0,0,25,13,21,801
292,2016-01-25 13:26:10,1.0,0,25,13,26,806
293,2016-01-25 13:31:11,1.0,0,25,13,31,811
294,2016-01-25 13:36:12,1.0,0,25,13,36,816
295,2016-01-25 13:41:13,1.0,0,25,13,41,821
296,2016-01-25 13:46:14,1.0,0,25,13,46,826
297,2016-01-25 13:51:15,1.0,0,25,13,51,831
298,2016-01-25 13:56:17,1.0,0,25,13,56,836
299,2016-01-25 14:01:18,1.0,0,25,14,1,841
300,2016-01-25 14:06:19,1.0,0,25,14,6,846
301,2016-01-25 14:11:20,1.0,0,25,14,11,851
302,2016-01-25 14:16:22,1.0,0,25,14,16,856
303,2016-01-25 14:21:23,1.0,0,25,14,21,861
304,2016-01-25 14:26:24,1.0,0,25,14,26,866
305,2016-01-25 14:31:25,1.0,0,25,14,31,871
306,2016-01-25 14:36:26,1.0,0,25,14,36,876
307,2016-01-25 14:41:28,1.0,0,25,14,41,881
308,2016-01-25 14:46:29,1.3,0,25,14,46,886
309,2016-01-25 14:51:31,1.2,0,25,14,51,891
310,2016-01-25 14:56:32,1.0,0,25,14,56,896
311,2016-01-25 15:01:34,1.0,0,25,15,1,901
312,2016-01-25 15:06:35,1.0,0,25,15,6,906
313,2016-01-25 15:11:36,1.2,0,25,15,11,911
314,2016-01-25 15:16:37,1.0,0,25,15,16,916
315,2016-01-25 15:21:38,1.0,0,25,15,21,921
316,2016-01-25 15:26:39,1.2,0,25,15,26,926
317,2016-01-25 15:31:41,1.0,0,25,15,31,931
318,2016-01-25 15:36:42,1.0,0,25,15,36,936
319,2016-01-25 15:41:43,1.0,0,25,15,41,941
320,2016-01-25 15:46:44,1.2,0,25,15,46,946
321,2016-01-25 15:51:45,1.2,0,25,15,51,951
322,2016-01-25 15:56:48,1.0,0,25,15,56,956
323,2016-01-25 16:01:50,1.0,0,25,16,1,961
324,2016-01-25 16:06:51,1.0,0,25,16,6,966
325,2016-01-25 16:11:52,1.0,0,25,16,11,971
326,2016-01-25 16:16:53,1.0,0,25,16,16,976
327,2016-01-25 16:21:55,1.2,0,25,16,21,981
328,2016-01-25 16:26:56,1.2,0,25,16,26,986
329,2016-01-25 16:31:57,1.0,0,25,16,31,991
330,2016-01-25 16:36:59,1.0,0,25,16,36,996
331,2016-01-25 16:42:00,1.0,0,25,16,42,1002
332,2016-01-25 16:47:01,1.0,0,25,16,47,1007
333,2016-01-25 16:52:02,1.0,0,25,16,52,1012
334,2016-01-25 16:57:03,1.0,0,25,16,57,1017
335,2016-01-25 17:02:05,1.0,0,25,17,2,1022
336,2016-01-25 17:07:09,1.5,0,25,17,7,1027
337,2016-01-25 17:12:10,1.6,0,25,17,12,1032
338,2016-01-25 17:17:12,1.6,0,25,17,17,1037
339,2016-01-25 17:22:13,1.9,0,25,17,22,1042
340,2016-01-25 17:27:14,1.2,0,25,17,27,1047
341,2016-01-25 17:32:15,1.0,0,25,17,32,1052
342,2016-01-25 17:37:16,1.4,0,25,17,37,1057
343,2016-01-25 17:42:17,2.4,0,25,17,42,1062
344,2016-01-25 17:47:18,2.0,0,25,17,47,1067
345,2016-01-25 17:52:20,1.4,0,25,17,52,1072
346,2016-01-25 17:57:21,1.4,0,25,17,57,1077
347,2016-01-25 18:02:23,1.6,0,25,18,2,1082
348,2016-01-25 18:07:24,2.0,0,25,18,7,1087
349,2016-01-25 18:12:25,2.3,0,25,18,12,1092
350,2016-01-25 18:17:26,1.8,0,25,18,17,1097
351,2016-01-25 18:22:28,1.7,0,25,18,22,1102
352,2016-01-25 18:27:29,2.1,0,25,18,27,1107
353,2016-01-25 18:32:31,1.9,0,25,18,32,1112
354,2016-01-25 18:37:33,1.0,0,25,18,37,1117
355,2016-01-25 18:42:34,1.3,0,25,18,42,1122
356,2016-01-25 18:47:36,2.4,0,25,18,47,1127
357,2016-01-25 18:52:37,1.7,0,25,18,52,1132
358,2016-01-25 18:57:38,1.0,0,25,18,57,1137
359,2016-01-25 19:02:39,1.0,0,25,19,2,1142
360,2016-01-25 19:07:40,1.7,0,25,19,7,1147
361,2016-01-25 19:12:41,1.5,0,25,19,12,1152
362,2016-01-25 19:17:43,1.0,0,25,19,17,1157
363,2016-01-25 19:22:51,1.0,0,25,19,22,1162
364,2016-01-25 19:27:52,1.0,0,25,19,27,1167
365,2016-01-25 19:32:53,1.0,0,25,19,32,1172
366,2016-01-25 19:37:54,1.0,0,25,19,37,1177
367,2016-01-25 19:42:56,1.0,0,25,19,42,1182
368,2016-01-25 19:47:57,1.0,0,25,19,47,1187
369,2016-01-25 19:52:59,1.0,0,25,19,52,1192
370,2016-01-25 19:58:00,1.0,0,25,19,58,1198
371,2016-01-25 20:03:01,1.0,0,25,20,3,1203
372,2016-01-25 20:08:03,1.0,0,25,20,8,1208
373,2016-01-25 20:13:04,1.0,0,25,20,13,1213
374,2016-01-25 20:18:06,1.0,0,25,20,18,1218
375,2016-01-25 20:23:07,1.0,0,25,20,23,1223
376,2016-01-25 20:28:08,1.3,0,25,20,28,1228
377,2016-01-25 20:33:10,1.3,0,25,20,33,1233
378,2016-01-25 20:38:11,1.0,0,25,20,38,1238
379,2016-01-25 20:43:12,1.0,0,25,20,43,1243
380,2016-01-25 20:48:13,1.0,0,25,20,48,1248
381,2016-01-25 20:53:14,1.0,0,25,20,53,1253
382,2016-01-25 20:58:16,1.3,0,25,20,58,1258
383,2016-01-25 21:03:17,1.6,0,25,21,3,1263
384,2016-01-25 21:08:18,1.5,0,25,21,8,1268
385,2016-01-25 21:13:19,1.0,0,25,21,13,1273
386,2016-01-25 21:18:20,1.0,0,25,21,18,1278
387,2016-01-25 21:23:21,2.0,0,25,21,23,1283
388,2016-01-25 21:28:23,1.6,0,25,21,28,1288
389,2016-01-25 21:33:24,1.0,0,25,21,33,1293
390,2016-01-25 21:38:25,1.0,0,25,21,38,1298
391,2016-01-25 21:43:26,1.3,0,25,21,43,1303
392,2016-01-25 21:48:28,1.7,0,25,21,48,1308
393,2016-01-25 21:53:29,1.0,0,25,21,53,1313
394,2016-01-25 21:58:30,1.0,0,25,21,58,1318
395,2016-01-25 22:03:31,1.0,0,25,22,3,1323
396,2016-01-25 22:08:33,2.1,0,25,22,8,1328
397,2016-01-25 22:13:34,3.2,0,25,22,13,1333
398,2016-01-25 22:18:37,2.0,0,25,22,18,1338
399,2016-01-25 22:23:38,1.2,0,25,22,23,1343
400,2016-01-25 22:28:39,1.3,0,25,22,28,1348
401,2016-01-25 22:33:40,2.4,0,25,22,33,1353
402,2016-01-25 22:38:41,1.5,0,25,22,38,1358
403,2016-01-25 22:43:43,1.0,0,25,22,43,1363
404,2016-01-25 22:48:44,1.0,0,25,22,48,1368
405,2016-01-25 22:53:46,1.0,0,25,22,53,1373
406,2016-01-25 22:58:47,1.0,0,25,22,58,1378
407,2016-01-25 23:03:49,1.0,0,25,23,3,1383
408,2016-01-25 23:08:50,1.0,0,25,23,8,1388
409,2016-01-25 23:13:51,1.0,0,25,23,13,1393
410,2016-01-25 23:18:52,1.0,0,25,23,18,1398
411,2016-01-25 23:23:53,1.0,0,25,23,23,1403
412,2016-01-25 23:28:55,1.0,0,25,23,28,1408
413,2016-01-25 23:33:56,1.0,0,25,23,33,1413
414,2016-01-25 23:38:57,1.0,0,25,23,38,1418
415,2016-01-25 23:43:59,1.0,0,25,23,43,1423
416,2016-01-25 23:49:00,1.0,0,25,23,49,1429
417,2016-01-25 23:54:01,1.0,0,25,23,54,1434
418,2016-01-25 23:59:02,1.0,0,25,23,59,1439
419,2016-01-26 00:04:04,1.0,1,26,0,4,4
420,2016-01-26 00:09:05,1.0,1,26,0,9,9
421,2016-01-26 00:14:06,1.0,1,26,0,14,14
422,2016-01-26 00:19:07,1.0,1,26,0,19,19
423,2016-01-26 00:24:09,1.0,1,26,0,24,24
424,2016-01-26 00:29:10,1.0,1,26,0,29,29
425,2016-01-26 00:34:12,1.0,1,26,0,34,34
426,2016-01-26 00:39:13,1.0,1,26,0,39,39
427,2016-01-26 00:44:14,1.0,1,26,0,44,44
428,2016-01-26 00:49:15,1.0,1,26,0,49,49
429,2016-01-26 00:54:16,1.0,1,26,0,54,54
430,2016-01-26 00:59:18,1.0,1,26,0,59,59
431,2016-01-26 01:04:19,1.0,1,26,1,4,64
432,2016-01-26 01:09:20,1.0,1,26,1,9,69
433,2016-01-26 01:14:21,1.0,1,26,1,14,74
434,2016-01-26 01:19:23,1.0,1,26,1,19,79
435,2016-01-26 01:24:24,1.0,1,26,1,24,84
436,2016-01-26 01:29:25,1.0,1,26,1,29,89
437,2016-01-26 01:34:26,1.0,1,26,1,34,94
438,2016-01-26 01:39:27,1.0,1,26,1,39,99
439,2016-01-26 01:44:28,1.0,1,26,1,44,104
440,2016-01-26 01:49:30,1.0,1,26,1,49,109
441,2016-01-26 01:54:31,1.0,1,26,1,54,114
442,2016-01-26 01:59:32,1.0,1,26,1,59,119
443,2016-01-26 02:04:33,1.0,1,26,2,4,124
444,2016-01-26 02:09:34,1.0,1,26,2,9,129
445,2016-01-26 02:14:36,1.0,1,26,2,14,134
446,2016-01-26 02:19:37,1.0,1,26,2,19,139
447,2016-01-26 02:24:38,1.0,1,26,2,24,144
448,2016-01-26 02:29:39,1.0,1,26,2,29,149
449,2016-01-26 02:34:40,1.0,1,26,2,34,154
450,2016-01-26 02:39:42,1.0,1,26,2,39,159
451,2016-01-26 02:44:43,1.0,1,26,2,44,164
452,2016-01-26 02:49:44,1.0,1,26,2,49,169
453,2016-01-26 02:54:45,1.0,1,26,2,54,174
454,2016-01-26 02:59:46,1.0,1,26,2,59,179
455,2016-01-26 03:04:47,1.0,1,26,3,4,184
456,2016-01-26 03:09:48,1.0,1,26,3,9,189
457,2016-01-26 03:14:50,1.0,1,26,3,14,194
458,2016-01-26 03:19:51,1.0,1,26,3,19,199
459,2016-01-26 03:24:52,1.0,1,26,3,24,204
460,2016-01-26 03:29:53,1.0,1,26,3,29,209
461,2016-01-26 03:34:55,1.0,1,26,3,34,214
462,2016-01-26 03:39:56,1.0,1,26,3,39,219
463,2016-01-26 03:44:57,1.0,1,26,3,44,224
464,2016-01-26 03:49:58,1.0,1,26,3,49,229
465,2016-01-26 03:54:59,1.0,1,26,3,54,234
466,2016-01-26 04:00:00,1.0,1,26,4,0,240
467,2016-01-26 04:05:02,1.0,1,26,4,5,245
468,2016-01-26 04:10:03,1.0,1,26,4,10,250
469,2016-01-26 04:15:04,1.0,1,26,4,15,255
470,2016-01-26 04:20:06,1.0,1,26,4,20,260
471,2016-01-26 04:25:07,1.0,1,26,4,25,265
472,2016-01-26 04:30:08,1.0,1,26,4,30,270
473,2016-01-26 04:35:10,1.0,1,26,4,35,275
474,2016-01-26 04:40:11,1.0,1,26,4,40,280
475,2016-01-26 04:45:12,1.0,1,26,4,45,285
476,2016-01-26 04:50:13,1.0,1,26,4,50,290
477,2016-01-26 04:55:14,1.5,1,26,4,55,295
478,2016-01-26 05:00:15,1.0,1,26,5,0,300
479,2016-01-26 05:05:17,1.0,1,26,5,5,305
480,2016-01-26 05:10:18,1.0,1,26,5,10,310
481,2016-01-26 05:15:19,1.0,1,26,5,15,315
482,2016-01-26 05:20:20,1.0,1,26,5,20,320
483,2016-01-26 05:25:21,1.4,1,26,5,25,325
484,2016-01-26 05:30:22,1.5,1,26,5,30,330
485,2016-01-26 05:35:24,1.2,1,26,5,35,335
486,2016-01-26 05:40:25,1.0,1,26,5,40,340
487,2016-01-26 05:45:26,1.6,1,26,5,45,345
488,2016-01-26 05:50:27,1.0,1,26,5,50,350
489,2016-01-26 05:55:29,1.0,1,26,5,55,355
490,2016-01-26 06:00:30,1.0,1,26,6,0,360
491,2016-01-26 06:05:31,1.0,1,26,6,5,365
492,2016-01-26 06:10:32,1.0,1,26,6,10,370
493,2016-01-26 06:15:33,1.5,1,26,6,15,375
494,2016-01-26 06:20:34,1.3,1,26,6,20,380
495,2016-01-26 06:25:36,1.0,1,26,6,25,385
496,2016-01-26 06:30:37,1.7,1,26,6,30,390
497,2016-01-26 06:35:38,2.0,1,26,6,35,395
498,2016-01-26 06:40:39,1.3,1,26,6,40,400
499,2016-01-26 06:45:40,1.0,1,26,6,45,405
500,2016-01-26 06:50:41,2.0,1,26,6,50,410
501,2016-01-26 06:55:43,1.3,1,26,6,55,415
502,2016-01-26 07:00:44,1.0,1,26,7,0,420
503,2016-01-26 07:05:45,1.0,1,26,7,5,425
504,2016-01-26 07:10:46,1.5,1,26,7,10,430
505,2016-01-26 07:15:47,1.0,1,26,7,15,435
506,2016-01-26 07:20:49,1.0,1,26,7,20,440
507,2016-01-26 07:25:50,1.4,1,26,7,25,445
508,2016-01-26 07:30:51,1.5,1,26,7,30,450
509,2016-01-26 07:35:52,1.0,1,26,7,35,455
510,2016-01-26 07:40:53,1.0,1,26,7,40,460
511,2016-01-26 07:45:54,2.2,1,26,7,45,465
512,2016-01-26 07:50:56,2.4,1,26,7,50,470
513,2016-01-26 07:55:57,1.4,1,26,7,55,475
514,2016-01-26 08:00:58,1.3,1,26,8,0,480
515,2016-01-26 08:06:00,1.3,1,26,8,6,486
516,2016-01-26 08:11:01,1.2,1,26,8,11,491
517,2016-01-26 08:16:02,1.8,1,26,8,16,496
518,2016-01-26 08:21:03,2.1,1,26,8,21,501
519,2016-01-26 08:26:05,1.8,1,26,8,26,506
520,2016-01-26 08:31:06,1.5,1,26,8,31,511
521,2016-01-26 08:36:07,1.8,1,26,8,36,516
522,2016-01-26 08:41:08,1.7,1,26,8,41,521
523,2016-01-26 08:46:09,1.8,1,26,8,46,526
524,2016-01-26 08:51:10,2.1,1,26,8,51,531
525,2016-01-26 08:56:12,1.3,1,26,8,56,536
526,2016-01-26 09:01:13,1.2,1,26,9,1,541
527,2016-01-26 09:06:15,1.3,1,26,9,6,546
528,2016-01-26 09:11:16,1.2,1,26,9,11,551
529,2016-01-26 09:16:17,1.0,1,26,9,16,556
530,2016-01-26 09:21:18,1.0,1,26,9,21,561
531,2016-01-26 09:26:19,1.0,1,26,9,26,566
532,2016-01-26 09:31:21,1.0,1,26,9,31,571
533,2016-01-26 09:36:22,1.0,1,26,9,36,576
534,2016-01-26 09:41:23,1.0,1,26,9,41,581
535,2016-01-26 09:46:24,1.0,1,26,9,46,586
536,2016-01-26 09:51:25,1.0,1,26,9,51,591
537,2016-01-26 09:56:26,1.0,1,26,9,56,596
538,2016-01-26 10:01:27,1.0,1,26,10,1,601
539,2016-01-26 10:06:29,1.0,1,26,10,6,606
540,2016-01-26 10:11:30,1.0,1,26,10,11,611
541,2016-01-26 10:16:31,1.0,1,26,10,16,616
542,2016-01-26 10:21:32,1.0,1,26,10,21,621
543,2016-01-26 10:26:34,1.0,1,26,10,26,626
544,2016-01-26 10:31:35,1.0,1,26,10,31,631
545,2016-01-26 10:36:36,1.0,1,26,10,36,636
546,2016-01-26 10:41:37,1.0,1,26,10,41,641
547,2016-01-26 10:46:38,1.0,1,26,10,46,646
548,2016-01-26 10:51:39,1.0,1,26,10,51,651
549,2016-01-26 10:56:40,1.0,1,26,10,56,656
550,2016-01-26 11:01:42,1.0,1,26,11,1,661
551,2016-01-26 11:06:43,1.0,1,26,11,6,666
552,2016-01-26 11:11:44,1.0,1,26,11,11,671
553,2016-01-26 11:16:46,1.0,1,26,11,16,676
554,2016-01-26 11:21:47,1.0,1,26,11,21,681
555,2016-01-26 11:26:48,1.0,1,26,11,26,686
556,2016-01-26 11:31:49,1.0,1,26,11,31,691
557,2016-01-26 11:36:51,1.0,1,26,11,36,696
558,2016-01-26 11:41:52,1.0,1,26,11,41,701
559,2016-01-26 11:46:53,1.0,1,26,11,46,706
560,2016-01-26 11:51:54,1.0,1,26,11,51,711
561,2016-01-26 11:56:55,1.0,1,26,11,56,716
562,2016-01-26 12:01:57,1.0,1,26,12,1,721
563,2016-01-26 12:06:58,1.0,1,26,12,6,726
564,2016-01-26 12:11:59,1.0,1,26,12,11,731
565,2016-01-26 12:17:00,1.0,1,26,12,17,737
566,2016-01-26 12:22:03,1.0,1,26,12,22,742
567,2016-01-26 12:27:04,1.0,1,26,12,27,747
568,2016-01-26 12:32:05,1.0,1,26,12,32,752
569,2016-01-26 12:37:06,1.0,1,26,12,37,757
570,2016-01-26 12:42:08,1.0,1,26,12,42,762
571,2016-01-26 12:47:09,1.0,1,26,12,47,767
572,2016-01-26 12:52:10,1.0,1,26,12,52,772
573,2016-01-26 12:57:11,1.0,1,26,12,57,777
574,2016-01-26 13:02:13,1.0,1,26,13,2,782
575,2016-01-26 13:07:14,1.0,1,26,13,7,787
576,2016-01-26 13:12:16,1.0,1,26,13,12,792
577,2016-01-26 13:17:17,1.0,1,26,13,17,797
578,2016-01-26 13:22:18,1.0,1,26,13,22,802
579,2016-01-26 13:27:19,1.0,1,26,13,27,807
580,2016-01-26 13:32:21,1.0,1,26,13,32,812
581,2016-01-26 13:37:22,1.0,1,26,13,37,817
582,2016-01-26 13:42:29,1.0,1,26,13,42,822
583,2016-01-26 13:47:30,1.0,1,26,13,47,827
584,2016-01-26 13:52:32,1.0,1,26,13,52,832
585,2016-01-26 13:57:36,1.0,1,26,13,57,837
586,2016-01-26 14:02:37,1.0,1,26,14,2,842
587,2016-01-26 14:07:38,1.0,1,26,14,7,847
588,2016-01-26 14:12:39,1.0,1,26,14,12,852
589,2016-01-26 14:17:41,1.0,1,26,14,17,857
590,2016-01-26 14:22:42,1.0,1,26,14,22,862
591,2016-01-26 14:27:43,1.0,1,26,14,27,867
592,2016-01-26 14:32:45,1.0,1,26,14,32,872
593,2016-01-26 14:37:46,1.0,1,26,14,37,877
594,2016-01-26 14:42:47,1.0,1,26,14,42,882
595,2016-01-26 14:47:48,1.0,1,26,14,47,887
596,2016-01-26 14:52:49,1.0,1,26,14,52,892
597,2016-01-26 14:57:50,1.0,1,26,14,57,897
598,2016-01-26 15:02:52,1.0,1,26,15,2,902
599,2016-01-26 15:07:53,1.0,1,26,15,7,907
600,2016-01-26 15:12:54,1.0,1,26,15,12,912
601,2016-01-26 15:17:56,1.0,1,26,15,17,917
602,2016-01-26 15:22:57,1.0,1,26,15,22,922
603,2016-01-26 15:27:58,1.0,1,26,15,27,927
604,2016-01-26 15:32:59,1.0,1,26,15,32,932
605,2016-01-26 15:38:01,1.0,1,26,15,38,938
606,2016-01-26 15:43:02,1.0,1,26,15,43,943
607,2016-01-26 15:48:04,1.0,1,26,15,48,948
608,2016-01-26 15:53:05,1.0,1,26,15,53,953
609,2016-01-26 15:58:06,1.0,1,26,15,58,958
610,2016-01-26 16:03:07,1.0,1,26,16,3,963
611,2016-01-26 16:08:08,1.0,1,26,16,8,968
612,2016-01-26 16:13:10,1.0,1,26,16,13,973
613,2016-01-26 16:18:11,1.0,1,26,16,18,978
614,2016-01-26 16:23:12,1.0,1,26,16,23,983
615,2016-01-26 16:28:13,1.0,1,26,16,28,988
616,2016-01-26 16:33:14,1.0,1,26,16,33,993
617,2016-01-26 16:38:16,1.0,1,26,16,38,998
618,2016-01-26 16:43:17,1.0,1,26,16,43,1003
619,2016-01-26 16:48:18,1.0,1,26,16,48,1008
620,2016-01-26 16:53:20,1.0,1,26,16,53,1013
621,2016-01-26 16:58:21,1.0,1,26,16,58,1018
622,2016-01-26 17:03:22,1.0,1,26,17,3,1023
623,2016-01-26 17:08:24,1.0,1,26,17,8,1028
624,2016-01-26 17:13:25,1.0,1,26,17,13,1033
625,2016-01-26 17:18:26,1.0,1,26,17,18,1038
626,2016-01-26 17:23:27,1.0,1,26,17,23,1043
627,2016-01-26 17:28:28,1.0,1,26,17,28,1048
628,2016-01-26 17:33:30,1.0,1,26,17,33,1053
629,2016-01-26 17:38:31,1.0,1,26,17,38,1058
630,2016-01-26 17:43:32,1.0,1,26,17,43,1063
631,2016-01-26 17:48:36,1.5,1,26,17,48,1068
632,2016-01-26 17:53:37,1.0,1,26,17,53,1073
633,2016-01-26 17:58:38,1.4,1,26,17,58,1078
634,2016-01-26 18:03:39,1.5,1,26,18,3,1083
635,2016-01-26 18:08:41,1.3,1,26,18,8,1088
636,2016-01-26 18:13:42,1.0,1,26,18,13,1093
637,2016-01-26 18:18:47,1.7,1,26,18,18,1098
638,2016-01-26 18:23:49,1.9,1,26,18,23,1103
639,2016-01-26 18:28:50,1.3,1,26,18,28,1108
640,2016-01-26 18:33:51,1.4,1,26,18,33,1113
641,2016-01-26 18:38:52,1.6,1,26,18,38,1118
642,2016-01-26 18:43:53,1.4,1,26,18,43,1123
643,2016-01-26 18:48:55,1.2,1,26,18,48,1128
644,2016-01-26 18:53:56,1.0,1,26,18,53,1133
645,2016-01-26 18:58:57,1.0,1,26,18,58,1138
646,2016-01-26 19:03:59,1.0,1,26,19,3,1143
647,2016-01-26 19:09:00,1.0,1,26,19,9,1149
648,2016-01-26 19:14:01,1.0,1,26,19,14,1154
649,2016-01-26 19:19:02,1.0,1,26,19,19,1159
650,2016-01-26 19:24:04,1.0,1,26,19,24,1164
651,2016-01-26 19:29:05,1.0,1,26,19,29,1169
652,2016-01-26 19:34:06,1.0,1,26,19,34,1174
653,2016-01-26 19:39:07,1.0,1,26,19,39,1179
654,2016-01-26 19:44:08,1.0,1,26,19,44,1184
655,2016-01-26 19:49:10,1.0,1,26,19,49,1189
656,2016-01-26 19:54:11,1.0,1,26,19,54,1194
657,2016-01-26 19:59:12,1.0,1,26,19,59,1199
658,2016-01-26 20:04:13,1.0,1,26,20,4,1204
659,2016-01-26 20:09:15,1.0,1,26,20,9,1209
660,2016-01-26 20:14:16,1.0,1,26,20,14,1214
661,2016-01-26 20:19:17,1.0,1,26,20,19,1219
662,2016-01-26 20:24:18,1.0,1,26,20,24,1224
663,2016-01-26 20:29:19,1.0,1,26,20,29,1229
664,2016-01-26 20:34:21,1.0,1,26,20,34,1234
665,2016-01-26 20:39:22,1.0,1,26,20,39,1239
666,2016-01-26 20:44:23,1.0,1,26,20,44,1244
667,2016-01-26 20:49:25,1.0,1,26,20,49,1249
668,2016-01-26 20:54:26,1.0,1,26,20,54,1254
669,2016-01-26 20:59:27,1.0,1,26,20,59,1259
670,2016-01-26 21:04:29,1.0,1,26,21,4,1264
671,2016-01-26 21:09:30,1.3,1,26,21,9,1269
672,2016-01-26 21:14:31,1.3,1,26,21,14,1274
673,2016-01-26 21:19:32,1.4,1,26,21,19,1279
674,2016-01-26 21:24:33,1.0,1,26,21,24,1284
675,2016-01-26 21:29:35,1.0,1,26,21,29,1289
676,2016-01-26 21:34:36,1.5,1,26,21,34,1294
677,2016-01-26 21:39:37,2.0,1,26,21,39,1299
678,2016-01-26 21:44:38,1.4,1,26,21,44,1304
679,2016-01-26 21:49:40,1.0,1,26,21,49,1309
680,2016-01-26 21:54:41,1.2,1,26,21,54,1314
681,2016-01-26 21:59:42,1.7,1,26,21,59,1319
682,2016-01-26 22:04:44,1.7,1,26,22,4,1324
683,2016-01-26 22:09:45,1.3,1,26,22,9,1329
684,2016-01-26 22:14:46,1.0,1,26,22,14,1334
685,2016-01-26 22:19:48,1.4,1,26,22,19,1339
686,2016-01-26 22:24:49,2.0,1,26,22,24,1344
687,2016-01-26 22:29:51,2.4,1,26,22,29,1349
688,2016-01-26 22:34:52,1.7,1,26,22,34,1354
689,2016-01-26 22:39:53,1.5,1,26,22,39,1359
690,2016-01-26 22:44:55,1.6,1,26,22,44,1364
691,2016-01-26 22:49:56,1.4,1,26,22,49,1369
692,2016-01-26 22:54:57,1.0,1,26,22,54,1374
693,2016-01-26 22:59:58,1.0,1,26,22,59,1379
694,2016-01-26 23:04:59,1.0,1,26,23,4,1384
695,2016-01-26 23:10:01,1.0,1,26,23,10,1390
696,2016-01-26 23:15:02,1.0,1,26,23,15,1395
697,2016-01-26 23:20:04,1.0,1,26,23,20,1400
698,2016-01-26 23:25:05,1.0,1,26,23,25,1405
699,2016-01-26 23:30:06,1.0,1,26,23,30,1410
700,2016-01-26 23:35:08,1.0,1,26,23,35,1415
701,2016-01-26 23:40:09,1.0,1,26,23,40,1420
702,2016-01-26 23:45:10,1.0,1,26,23,45,1425
703,2016-01-26 23:50:11,1.0,1,26,23,50,1430
704,2016-01-26 23:55:13,1.0,1,26,23,55,1435
705,2016-01-27 00:00:14,1.0,2,27,0,0,0
706,2016-01-27 00:05:15,1.0,2,27,0,5,5
707,2016-01-27 00:10:16,1.0,2,27,0,10,10
708,2016-01-27 00:15:17,1.0,2,27,0,15,15
709,2016-01-27 00:20:19,1.0,2,27,0,20,20
710,2016-01-27 00:25:20,1.0,2,27,0,25,25
711,2016-01-27 00:30:21,1.0,2,27,0,30,30
712,2016-01-27 00:35:23,1.0,2,27,0,35,35
713,2016-01-27 00:40:24,1.0,2,27,0,40,40
714,2016-01-27 00:45:25,1.0,2,27,0,45,45
715,2016-01-27 00:50:27,1.0,2,27,0,50,50
716,2016-01-27 00:55:28,1.0,2,27,0,55,55
717,2016-01-27 01:00:29,1.0,2,27,1,0,60
718,2016-01-27 01:05:30,1.0,2,27,1,5,65
719,2016-01-27 01:10:31,1.0,2,27,1,10,70
720,2016-01-27 01:15:32,1.0,2,27,1,15,75
721,2016-01-27 01:20:33,1.0,2,27,1,20,80
722,2016-01-27 01:25:35,1.0,2,27,1,25,85
723,2016-01-27 01:30:36,1.0,2,27,1,30,90
724,2016-01-27 01:35:37,1.0,2,27,1,35,95
725,2016-01-27 01:40:38,1.0,2,27,1,40,100
726,2016-01-27 01:45:39,1.0,2,27,1,45,105
727,2016-01-27 01:50:40,1.0,2,27,1,50,110
728,2016-01-27 01:55:41,1.0,2,27,1,55,115
729,2016-01-27 02:00:42,1.0,2,27,2,0,120
730,2016-01-27 02:05:44,1.0,2,27,2,5,125
731,2016-01-27 02:10:45,1.0,2,27,2,10,130
732,2016-01-27 02:15:46,1.0,2,27,2,15,135
733,2016-01-27 02:20:47,1.0,2,27,2,20,140
734,2016-01-27 02:25:48,1.0,2,27,2,25,145
735,2016-01-27 02:30:49,1.0,2,27,2,30,150
736,2016-01-27 02:35:50,1.0,2,27,2,35,155
737,2016-01-27 02:40:52,1.0,2,27,2,40,160
738,2016-01-27 02:45:53,1.0,2,27,2,45,165
739,2016-01-27 02:50:54,1.0,2,27,2,50,170
740,2016-01-27 02:55:55,1.0,2,27,2,55,175
741,2016-01-27 03:00:56,1.0,2,27,3,0,180
742,2016-01-27 03:05:57,1.0,2,27,3,5,185
743,2016-01-27 03:10:59,1.0,2,27,3,10,190
744,2016-01-27 03:16:00,1.0,2,27,3,16,196
745,2016-01-27 03:21:01,1.0,2,27,3,21,201
746,2016-01-27 03:26:03,1.0,2,27,3,26,206
747,2016-01-27 03:31:04,1.0,2,27,3,31,211
748,2016-01-27 03:36:05,1.0,2,27,3,36,216
749,2016-01-27 03:41:07,1.0,2,27,3,41,221
750,2016-01-27 03:46:08,1.0,2,27,3,46,226
751,2016-01-27 03:51:09,1.0,2,27,3,51,231
752,2016-01-27 03:56:10,1.0,2,27,3,56,236
753,2016-01-27 04:01:11,1.0,2,27,4,1,241
754,2016-01-27 04:06:13,1.0,2,27,4,6,246
755,2016-01-27 04:11:14,1.0,2,27,4,11,251
756,2016-01-27 04:16:15,1.0,2,27,4,16,256
757,2016-01-27 04:21:16,1.0,2,27,4,21,261
758,2016-01-27 04:26:17,1.0,2,27,4,26,266
759,2016-01-27 04:31:18,1.0,2,27,4,31,271
760,2016-01-27 04:36:19,1.0,2,27,4,36,276
761,2016-01-27 04:41:21,1.0,2,27,4,41,281
762,2016-01-27 04:46:22,1.0,2,27,4,46,286
763,2016-01-27 04:51:23,1.0,2,27,4,51,291
764,2016-01-27 04:56:24,1.0,2,27,4,56,296
765,2016-01-27 05:01:25,1.0,2,27,5,1,301
766,2016-01-27 05:06:26,1.0,2,27,5,6,306
767,2016-01-27 05:11:27,1.0,2,27,5,11,311
768,2016-01-27 05:16:29,1.0,2,27,5,16,316
769,2016-01-27 05:21:31,1.0,2,27,5,21,321
770,2016-01-27 05:26:32,1.0,2,27,5,26,326
771,2016-01-27 05:31:33,1.0,2,27,5,31,331
772,2016-01-27 05:36:34,1.0,2,27,5,36,336
773,2016-01-27 05:41:35,1.0,2,27,5,41,341
774,2016-01-27 05:46:36,1.0,2,27,5,46,346
775,2016-01-27 05:51:37,1.0,2,27,5,51,351
776,2016-01-27 05:56:38,1.0,2,27,5,56,356
777,2016-01-27 06:01:40,1.0,2,27,6,1,361
778,2016-01-27 06:06:41,1.0,2,27,6,6,366
779,2016-01-27 06:11:42,1.0,2,27,6,11,371
780,2016-01-27 06:16:43,1.0,2,27,6,16,376
781,2016-01-27 06:21:44,1.0,2,27,6,21,381
782,2016-01-27 06:26:45,1.0,2,27,6,26,386
783,2016-01-27 06:31:46,1.0,2,27,6,31,391
784,2016-01-27 06:36:48,1.0,2,27,6,36,396
785,2016-01-27 06:41:49,1.0,2,27,6,41,401
786,2016-01-27 06:46:50,1.0,2,27,6,46,406
787,2016-01-27 06:51:51,1.0,2,27,6,51,411
788,2016-01-27 06:56:52,1.0,2,27,6,56,416
789,2016-01-27 07:01:53,1.0,2,27,7,1,421
790,2016-01-27 07:06:55,1.0,2,27,7,6,426
791,2016-01-27 07:11:56,1.0,2,27,7,11,431
792,2016-01-27 07:16:57,1.0,2,27,7,16,436
793,2016-01-27 07:21:58,1.0,2,27,7,21,441
794,2016-01-27 07:26:59,1.0,2,27,7,26,446
795,2016-01-27 07:32:01,1.0,2,27,7,32,452
796,2016-01-27 07:37:02,1.0,2,27,7,37,457
797,2016-01-27 07:42:03,1.0,2,27,7,42,462
798,2016-01-27 07:47:05,1.0,2,27,7,47,467
799,2016-01-27 07:52:06,1.0,2,27,7,52,472
800,2016-01-27 07:57:07,1.0,2,27,7,57,477
801,2016-01-27 08:02:08,1.0,2,27,8,2,482
802,2016-01-27 08:07:09,1.0,2,27,8,7,487
803,2016-01-27 08:12:10,1.0,2,27,8,12,492
804,2016-01-27 08:17:12,1.0,2,27,8,17,497
805,2016-01-27 08:22:13,1.0,2,27,8,22,502
806,2016-01-27 08:27:14,1.0,2,27,8,27,507
807,2016-01-27 08:32:15,1.0,2,27,8,32,512
808,2016-01-27 08:37:16,1.0,2,27,8,37,517
809,2016-01-27 08:42:17,1.0,2,27,8,42,522
810,2016-01-27 08:47:19,1.0,2,27,8,47,527
811,2016-01-27 08:52:20,1.0,2,27,8,52,532
812,2016-01-27 08:57:21,1.0,2,27,8,57,537
813,2016-01-27 09:02:22,1.0,2,27,9,2,542
814,2016-01-27 09:07:23,1.0,2,27,9,7,547
815,2016-01-27 09:12:25,1.0,2,27,9,12,552
816,2016-01-27 09:17:26,1.0,2,27,9,17,557
817,2016-01-27 09:22:27,1.0,2,27,9,22,562
818,2016-01-27 09:27:28,1.0,2,27,9,27,567
819,2016-01-27 09:32:30,1.0,2,27,9,32,572
820,2016-01-27 09:37:31,1.0,2,27,9,37,577
821,2016-01-27 09:42:32,1.0,2,27,9,42,582
822,2016-01-27 09:47:33,1.0,2,27,9,47,587
823,2016-01-27 09:52:34,1.0,2,27,9,52,592
824,2016-01-27 09:57:36,1.0,2,27,9,57,597
825,2016-01-27 10:02:37,1.0,2,27,10,2,602
826,2016-01-27 10:07:38,1.0,2,27,10,7,607
827,2016-01-27 10:12:39,1.0,2,27,10,12,612
828,2016-01-27 10:17:41,1.0,2,27,10,17,617
829,2016-01-27 10:22:42,1.0,2,27,10,22,622
830,2016-01-27 10:27:43,1.0,2,27,10,27,627
831,2016-01-27 10:32:44,1.0,2,27,10,32,632
832,2016-01-27 10:37:45,1.0,2,27,10,37,637
833,2016-01-27 10:42:46,1.0,2,27,10,42,642
834,2016-01-27 10:47:48,1.0,2,27,10,47,647
835,2016-01-27 10:52:49,1.0,2,27,10,52,652
836,2016-01-27 10:57:50,1.0,2,27,10,57,657
837,2016-01-27 11:02:51,1.0,2,27,11,2,662
838,2016-01-27 11:07:52,1.0,2,27,11,7,667
839,2016-01-27 11:12:54,1.0,2,27,11,12,672
840,2016-01-27 11:17:55,1.0,2,27,11,17,677
841,2016-01-27 11:22:57,1.0,2,27,11,22,682
842,2016-01-27 11:27:58,1.0,2,27,11,27,687
843,2016-01-27 11:32:59,1.0,2,27,11,32,692
844,2016-01-27 11:38:00,1.0,2,27,11,38,698
845,2016-01-27 11:43:01,1.0,2,27,11,43,703
846,2016-01-27 11:48:02,1.0,2,27,11,48,708
847,2016-01-27 11:53:04,1.0,2,27,11,53,713
848,2016-01-27 11:58:05,1.0,2,27,11,58,718
849,2016-01-27 12:03:06,1.0,2,27,12,3,723
850,2016-01-27 12:08:07,1.0,2,27,12,8,728
851,2016-01-27 12:13:09,1.0,2,27,12,13,733
852,2016-01-27 12:18:10,1.0,2,27,12,18,738
853,2016-01-27 12:23:11,1.0,2,27,12,23,743
854,2016-01-27 12:28:12,1.0,2,27,12,28,748
855,2016-01-27 12:33:13,1.0,2,27,12,33,753
856,2016-01-27 12:38:14,1.0,2,27,12,38,758
857,2016-01-27 12:43:16,1.0,2,27,12,43,763
858,2016-01-27 12:48:17,1.0,2,27,12,48,768
859,2016-01-27 12:53:18,1.0,2,27,12,53,773
860,2016-01-27 12:58:20,1.0,2,27,12,58,778
861,2016-01-27 13:03:21,1.0,2,27,13,3,783
862,2016-01-27 13:08:22,1.0,2,27,13,8,788
863,2016-01-27 13:13:29,1.0,2,27,13,13,793
864,2016-01-27 13:18:30,1.0,2,27,13,18,798
865,2016-01-27 13:23:31,1.0,2,27,13,23,803
866,2016-01-27 13:28:32,1.0,2,27,13,28,808
867,2016-01-27 13:33:33,1.0,2,27,13,33,813
868,2016-01-27 13:38:35,1.0,2,27,13,38,818
869,2016-01-27 13:43:36,1.0,2,27,13,43,823
870,2016-01-27 13:48:37,1.0,2,27,13,48,828
871,2016-01-27 13:53:38,1.0,2,27,13,53,833
872,2016-01-27 13:58:39,1.0,2,27,13,58,838
873,2016-01-27 14:03:40,1.0,2,27,14,3,843
874,2016-01-27 14:08:42,1.0,2,27,14,8,848
875,2016-01-27 14:13:43,1.0,2,27,14,13,853
876,2016-01-27 14:18:44,1.0,2,27,14,18,858
877,2016-01-27 14:23:45,1.0,2,27,14,23,863
878,2016-01-27 14:28:46,1.0,2,27,14,28,868
879,2016-01-27 14:33:48,1.0,2,27,14,33,873
880,2016-01-27 14:38:49,1.0,2,27,14,38,878
881,2016-01-27 14:43:50,1.0,2,27,14,43,883
882,2016-01-27 14:48:52,1.0,2,27,14,48,888
883,2016-01-27 14:53:53,1.0,2,27,14,53,893
884,2016-01-27 14:58:54,1.0,2,27,14,58,898
885,2016-01-27 15:03:55,1.0,2,27,15,3,903
886,2016-01-27 15:08:57,1.0,2,27,15,8,908
887,2016-01-27 15:13:58,1.0,2,27,15,13,913
888,2016-01-27 15:18:59,1.0,2,27,15,18,918
889,2016-01-27 15:24:00,1.0,2,27,15,24,924
890,2016-01-27 15:29:02,1.0,2,27,15,29,929
891,2016-01-27 15:34:03,1.0,2,27,15,34,934
892,2016-01-27 15:39:04,1.0,2,27,15,39,939
893,2016-01-27 15:44:05,1.0,2,27,15,44,944
894,2016-01-27 15:49:06,1.0,2,27,15,49,949
895,2016-01-27 15:54:08,1.0,2,27,15,54,954
896,2016-01-27 15:59:09,1.0,2,27,15,59,959
897,2016-01-27 16:04:10,1.0,2,27,16,4,964
898,2016-01-27 16:09:11,1.0,2,27,16,9,969
899,2016-01-27 16:14:12,1.0,2,27,16,14,974
900,2016-01-27 16:19:14,1.0,2,27,16,19,979
901,2016-01-27 16:24:15,1.0,2,27,16,24,984
902,2016-01-27 16:29:16,1.0,2,27,16,29,989
903,2016-01-27 16:34:17,1.0,2,27,16,34,994
904,2016-01-27 16:39:18,1.0,2,27,16,39,999
905,2016-01-27 16:44:20,1.0,2,27,16,44,1004
906,2016-01-27 16:49:21,1.0,2,27,16,49,1009
907,2016-01-27 16:54:22,1.0,2,27,16,54,1014
908,2016-01-27 16:59:23,1.0,2,27,16,59,1019
909,2016-01-27 17:04:24,1.0,2,27,17,4,1024
910,2016-01-27 17:09:25,1.0,2,27,17,9,1029
911,2016-01-27 17:14:27,1.0,2,27,17,14,1034
912,2016-01-27 17:19:28,1.0,2,27,17,19,1039
913,2016-01-27 17:24:29,1.0,2,27,17,24,1044
914,2016-01-27 17:29:30,1.0,2,27,17,29,1049
915,2016-01-27 17:34:32,1.0,2,27,17,34,1054
916,2016-01-27 17:39:33,1.0,2,27,17,39,1059
917,2016-01-27 17:44:34,1.2,2,27,17,44,1064
918,2016-01-27 17:49:36,1.6,2,27,17,49,1069
919,2016-01-27 17:54:37,1.7,2,27,17,54,1074
920,2016-01-27 17:59:39,1.3,2,27,17,59,1079
921,2016-01-27 18:04:40,1.0,2,27,18,4,1084
922,2016-01-27 18:09:41,1.3,2,27,18,9,1089
923,2016-01-27 18:14:42,1.7,2,27,18,14,1094
924,2016-01-27 18:19:43,2.1,2,27,18,19,1099
925,2016-01-27 18:24:45,1.5,2,27,18,24,1104
926,2016-01-27 18:29:46,1.0,2,27,18,29,1109
927,2016-01-27 18:34:47,1.0,2,27,18,34,1114
928,2016-01-27 18:39:48,1.4,2,27,18,39,1119
929,2016-01-27 18:44:50,1.3,2,27,18,44,1124
930,2016-01-27 18:49:51,1.0,2,27,18,49,1129
931,2016-01-27 18:54:52,1.0,2,27,18,54,1134
932,2016-01-27 18:59:54,1.0,2,27,18,59,1139
933,2016-01-27 19:04:55,1.0,2,27,19,4,1144
934,2016-01-27 19:09:56,1.0,2,27,19,9,1149
935,2016-01-27 19:14:58,1.0,2,27,19,14,1154
936,2016-01-27 19:19:59,1.0,2,27,19,19,1159
937,2016-01-27 19:25:01,1.0,2,27,19,25,1165
938,2016-01-27 19:30:02,1.0,2,27,19,30,1170
939,2016-01-27 19:35:03,1.0,2,27,19,35,1175
940,2016-01-27 19:40:04,1.0,2,27,19,40,1180
941,2016-01-27 19:45:06,1.0,2,27,19,45,1185
942,2016-01-27 19:50:07,1.0,2,27,19,50,1190
943,2016-01-27 19:55:08,1.0,2,27,19,55,1195
944,2016-01-27 20:00:09,1.0,2,27,20,0,1200
945,2016-01-27 20:05:10,1.0,2,27,20,5,1205
946,2016-01-27 20:10:12,1.0,2,27,20,10,1210
947,2016-01-27 20:15:13,1.0,2,27,20,15,1215
948,2016-01-27 20:20:14,1.0,2,27,20,20,1220
949,2016-01-27 20:25:15,1.0,2,27,20,25,1225
950,2016-01-27 20:30:16,1.0,2,27,20,30,1230
951,2016-01-27 20:35:18,1.0,2,27,20,35,1235
952,2016-01-27 20:40:19,1.0,2,27,20,40,1240
953,2016-01-27 20:45:20,1.0,2,27,20,45,1245
954,2016-01-27 20:50:21,1.0,2,27,20,50,1250
955,2016-01-27 20:55:22,1.0,2,27,20,55,1255
956,2016-01-27 21:00:24,1.0,2,27,21,0,1260
957,2016-01-27 21:05:25,1.0,2,27,21,5,1265
958,2016-01-27 21:10:26,1.0,2,27,21,10,1270
959,2016-01-27 21:15:27,1.0,2,27,21,15,1275
960,2016-01-27 21:20:28,1.0,2,27,21,20,1280
961,2016-01-27 21:25:30,1.0,2,27,21,25,1285
962,2016-01-27 21:30:31,1.4,2,27,21,30,1290
963,2016-01-27 21:35:32,1.6,2,27,21,35,1295
964,2016-01-27 21:40:34,1.3,2,27,21,40,1300
965,2016-01-27 21:45:35,1.0,2,27,21,45,1305
966,2016-01-27 21:50:36,1.0,2,27,21,50,1310
967,2016-01-27 21:55:37,1.4,2,27,21,55,1315
968,2016-01-27 22:00:38,2.3,2,27,22,0,1320
969,2016-01-27 22:05:40,1.4,2,27,22,5,1325
970,2016-01-27 22:10:41,1.0,2,27,22,10,1330
971,2016-01-27 22:15:42,1.0,2,27,22,15,1335
972,2016-01-27 22:20:43,1.9,2,27,22,20,1340
973,2016-01-27 22:25:45,2.0,2,27,22,25,1345
974,2016-01-27 22:30:46,1.0,2,27,22,30,1350
975,2016-01-27 22:35:47,1.0,2,27,22,35,1355
976,2016-01-27 22:40:48,1.0,2,27,22,40,1360
977,2016-01-27 22:45:49,1.4,2,27,22,45,1365
978,2016-01-27 22:50:51,1.6,2,27,22,50,1370
979,2016-01-27 22:55:52,1.0,2,27,22,55,1375
980,2016-01-27 23:00:53,1.0,2,27,23,0,1380
981,2016-01-27 23:05:55,1.2,2,27,23,5,1385
982,2016-01-27 23:10:56,1.6,2,27,23,10,1390
983,2016-01-27 23:15:57,1.0,2,27,23,15,1395
984,2016-01-27 23:20:59,1.0,2,27,23,20,1400
985,2016-01-27 23:26:00,2.0,2,27,23,26,1406
986,2016-01-27 23:31:01,2.9,2,27,23,31,1411
987,2016-01-27 23:36:03,2.1,2,27,23,36,1416
988,2016-01-27 23:41:04,1.2,2,27,23,41,1421
989,2016-01-27 23:46:05,1.0,2,27,23,46,1426
990,2016-01-27 23:51:06,1.3,2,27,23,51,1431
991,2016-01-27 23:56:07,1.0,2,27,23,56,1436
992,2016-01-28 00:01:09,1.0,3,28,0,1,1
993,2016-01-28 00:06:10,1.0,3,28,0,6,6
994,2016-01-28 00:11:11,1.0,3,28,0,11,11
995,2016-01-28 00:16:12,1.0,3,28,0,16,16
996,2016-01-28 00:21:14,1.0,3,28,0,21,21
997,2016-01-28 00:26:15,1.0,3,28,0,26,26
998,2016-01-28 00:31:16,1.0,3,28,0,31,31
999,2016-01-28 00:36:17,1.0,3,28,0,36,36
1000,2016-01-28 00:41:19,1.0,3,28,0,41,41
1001,2016-01-28 00:46:20,1.0,3,28,0,46,46
1002,2016-01-28 00:51:21,1.0,3,28,0,51,51
1003,2016-01-28 00:56:22,1.0,3,28,0,56,56
1004,2016-01-28 01:01:23,1.0,3,28,1,1,61
1005,2016-01-28 01:06:24,1.0,3,28,1,6,66
1006,2016-01-28 01:11:26,1.0,3,28,1,11,71
1007,2016-01-28 01:16:27,1.0,3,28,1,16,76
1008,2016-01-28 01:21:28,1.0,3,28,1,21,81
1009,2016-01-28 01:26:29,1.0,3,28,1,26,86
1010,2016-01-28 01:31:38,1.0,3,28,1,31,91
1011,2016-01-28 01:36:40,1.0,3,28,1,36,96
1012,2016-01-28 01:41:41,1.0,3,28,1,41,101
1013,2016-01-28 01:46:42,1.0,3,28,1,46,106
1014,2016-01-28 01:51:43,1.0,3,28,1,51,111
1015,2016-01-28 01:56:44,1.0,3,28,1,56,116
1016,2016-01-28 02:01:46,1.0,3,28,2,1,121
1017,2016-01-28 02:06:47,1.0,3,28,2,6,126
1018,2016-01-28 02:11:48,1.0,3,28,2,11,131
1019,2016-01-28 02:16:49,1.0,3,28,2,16,136
1020,2016-01-28 02:21:50,1.0,3,28,2,21,141
1021,2016-01-28 02:26:51,1.0,3,28,2,26,146
1022,2016-01-28 02:31:53,1.0,3,28,2,31,151
1023,2016-01-28 02:36:54,1.0,3,28,2,36,156
1024,2016-01-28 02:41:55,1.0,3,28,2,41,161
1025,2016-01-28 02:46:58,1.0,3,28,2,46,166
1026,2016-01-28 02:52:00,1.0,3,28,2,52,172
1027,2016-01-28 02:57:01,1.0,3,28,2,57,177
1028,2016-01-28 03:02:02,1.0,3,28,3,2,182
1029,2016-01-28 03:07:03,1.0,3,28,3,7,187
1030,2016-01-28 03:12:04,1.0,3,28,3,12,192
1031,2016-01-28 03:17:06,1.0,3,28,3,17,197
1032,2016-01-28 03:22:07,1.0,3,28,3,22,202
1033,2016-01-28 03:27:08,1.0,3,28,3,27,207
1034,2016-01-28 03:32:10,1.0,3,28,3,32,212
1035,2016-01-28 03:37:11,1.0,3,28,3,37,217
1036,2016-01-28 03:42:12,1.0,3,28,3,42,222
1037,2016-01-28 03:47:13,1.0,3,28,3,47,227
1038,2016-01-28 03:52:14,1.0,3,28,3,52,232
1039,2016-01-28 03:57:15,1.0,3,28,3,57,237
1040,2016-01-28 04:02:16,1.0,3,28,4,2,242
1041,2016-01-28 04:07:18,1.0,3,28,4,7,247
1042,2016-01-28 04:12:19,1.0,3,28,4,12,252
1043,2016-01-28 04:17:20,1.0,3,28,4,17,257
1044,2016-01-28 04:22:21,1.0,3,28,4,22,262
1045,2016-01-28 04:27:22,1.0,3,28,4,27,267
1046,2016-01-28 04:32:24,1.0,3,28,4,32,272
1047,2016-01-28 04:37:25,1.0,3,28,4,37,277
1048,2016-01-28 04:42:30,1.0,3,28,4,42,282
1049,2016-01-28 04:47:32,1.0,3,28,4,47,287
1050,2016-01-28 04:52:33,1.0,3,28,4,52,292
1051,2016-01-28 04:57:34,1.0,3,28,4,57,297
1052,2016-01-28 05:02:35,1.0,3,28,5,2,302
1053,2016-01-28 05:07:36,1.0,3,28,5,7,307
1054,2016-01-28 05:12:37,1.0,3,28,5,12,312
1055,2016-01-28 05:17:38,1.0,3,28,5,17,317
1056,2016-01-28 05:22:40,1.0,3,28,5,22,322
1057,2016-01-28 05:27:41,1.0,3,28,5,27,327
1058,2016-01-28 05:32:42,1.0,3,28,5,32,332
1059,2016-01-28 05:37:43,1.0,3,28,5,37,337
1060,2016-01-28 05:42:44,1.0,3,28,5,42,342
1061,2016-01-28 05:47:45,1.0,3,28,5,47,347
1062,2016-01-28 05:52:47,1.0,3,28,5,52,352
1063,2016-01-28 05:57:48,1.0,3,28,5,57,357
1064,2016-01-28 06:02:49,1.0,3,28,6,2,362
1065,2016-01-28 06:07:50,1.0,3,28,6,7,367
1066,2016-01-28 06:12:51,1.0,3,28,6,12,372
1067,2016-01-28 06:17:52,1.0,3,28,6,17,377
1068,2016-01-28 06:22:54,1.0,3,28,6,22,382
1069,2016-01-28 06:27:55,1.0,3,28,6,27,387
1070,2016-01-28 06:32:56,1.0,3,28,6,32,392
1071,2016-01-28 06:37:57,1.0,3,28,6,37,397
1072,2016-01-28 06:42:59,1.0,3,28,6,42,402
1073,2016-01-28 06:48:01,1.0,3,28,6,48,408
1074,2016-01-28 06:53:02,1.0,3,28,6,53,413
1075,2016-01-28 06:58:03,1.0,3,28,6,58,418
1076,2016-01-28 07:03:04,1.0,3,28,7,3,423
1077,2016-01-28 07:08:05,1.0,3,28,7,8,428
1078,2016-01-28 07:13:06,1.0,3,28,7,13,433
1079,2016-01-28 07:18:08,1.0,3,28,7,18,438
1080,2016-01-28 07:23:09,1.0,3,28,7,23,443
1081,2016-01-28 07:28:10,1.0,3,28,7,28,448
1082,2016-01-28 07:33:11,1.0,3,28,7,33,453
1083,2016-01-28 07:38:12,1.0,3,28,7,38,458
1084,2016-01-28 07:43:13,1.0,3,28,7,43,463
1085,2016-01-28 07:48:15,1.4,3,28,7,48,468
1086,2016-01-28 07:53:16,1.8,3,28,7,53,473
1087,2016-01-28 07:58:17,1.0,3,28,7,58,478
1088,2016-01-28 08:03:18,1.0,3,28,8,3,483
1089,2016-01-28 08:08:20,1.0,3,28,8,8,488
1090,2016-01-28 08:13:21,1.2,3,28,8,13,493
1091,2016-01-28 08:18:22,1.0,3,28,8,18,498
1092,2016-01-28 08:23:23,1.0,3,28,8,23,503
1093,2016-01-28 08:28:24,1.3,3,28,8,28,508
1094,2016-01-28 08:33:25,1.6,3,28,8,33,513
1095,2016-01-28 08:38:27,1.2,3,28,8,38,518
1096,2016-01-28 08:43:28,1.5,3,28,8,43,523
1097,2016-01-28 08:48:29,1.5,3,28,8,48,528
1098,2016-01-28 08:53:30,1.2,3,28,8,53,533
1099,2016-01-28 08:58:31,1.0,3,28,8,58,538
1100,2016-01-28 09:03:33,1.0,3,28,9,3,543
1101,2016-01-28 09:08:34,1.0,3,28,9,8,548
1102,2016-01-28 09:13:35,1.0,3,28,9,13,553
1103,2016-01-28 09:18:36,1.0,3,28,9,18,558
1104,2016-01-28 09:23:37,1.0,3,28,9,23,563
1105,2016-01-28 09:28:38,1.0,3,28,9,28,568
1106,2016-01-28 09:33:40,1.0,3,28,9,33,573
1107,2016-01-28 09:38:41,1.0,3,28,9,38,578
1108,2016-01-28 09:43:42,1.0,3,28,9,43,583
1109,2016-01-28 09:48:43,1.0,3,28,9,48,588
1110,2016-01-28 09:53:44,1.0,3,28,9,53,593
1111,2016-01-28 09:58:45,1.0,3,28,9,58,598
1112,2016-01-28 10:03:47,1.0,3,28,10,3,603
1113,2016-01-28 10:08:48,1.0,3,28,10,8,608
1114,2016-01-28 10:13:49,1.0,3,28,10,13,613
1115,2016-01-28 10:18:50,1.0,3,28,10,18,618
1116,2016-01-28 10:23:51,1.0,3,28,10,23,623
1117,2016-01-28 10:28:52,1.0,3,28,10,28,628
1118,2016-01-28 10:33:53,1.0,3,28,10,33,633
1119,2016-01-28 10:38:55,1.0,3,28,10,38,638
1120,2016-01-28 10:43:56,1.0,3,28,10,43,643
1121,2016-01-28 10:48:57,1.0,3,28,10,48,648
1122,2016-01-28 10:53:58,1.0,3,28,10,53,653
1123,2016-01-28 10:58:59,1.0,3,28,10,58,658
1124,2016-01-28 11:04:01,1.0,3,28,11,4,664
1125,2016-01-28 11:09:02,1.0,3,28,11,9,669
1126,2016-01-28 11:14:03,1.0,3,28,11,14,674
1127,2016-01-28 11:19:04,1.0,3,28,11,19,679
1128,2016-01-28 11:24:06,1.0,3,28,11,24,684
1129,2016-01-28 11:29:07,1.0,3,28,11,29,689
1130,2016-01-28 11:34:08,1.0,3,28,11,34,694
1131,2016-01-28 11:39:09,1.0,3,28,11,39,699
1132,2016-01-28 11:44:10,1.0,3,28,11,44,704
1133,2016-01-28 11:49:12,1.0,3,28,11,49,709
1134,2016-01-28 11:54:13,1.0,3,28,11,54,714
1135,2016-01-28 11:59:14,1.0,3,28,11,59,719
1136,2016-01-28 12:04:15,1.0,3,28,12,4,724
1137,2016-01-28 12:09:17,1.0,3,28,12,9,729
1138,2016-01-28 12:14:18,1.0,3,28,12,14,734
1139,2016-01-28 12:19:19,1.0,3,28,12,19,739
1140,2016-01-28 12:24:20,1.0,3,28,12,24,744
1141,2016-01-28 12:29:21,1.0,3,28,12,29,749
1142,2016-01-28 12:34:22,1.0,3,28,12,34,754
1143,2016-01-28 12:39:24,1.0,3,28,12,39,759
1144,2016-01-28 12:44:25,1.0,3,28,12,44,764
1145,2016-01-28 12:49:27,1.0,3,28,12,49,769
1146,2016-01-28 12:54:29,1.0,3,28,12,54,774
1147,2016-01-28 12:59:31,1.0,3,28,12,59,779
1148,2016-01-28 13:04:32,1.0,3,28,13,4,784
1149,2016-01-28 13:09:33,1.0,3,28,13,9,789
1150,2016-01-28 13:14:35,1.0,3,28,13,14,794
1151,2016-01-28 13:19:36,1.0,3,28,13,19,799
1152,2016-01-28 13:24:38,1.0,3,28,13,24,804
1153,2016-01-28 13:29:40,1.0,3,28,13,29,809
1154,2016-01-28 13:34:41,1.0,3,28,13,34,814
1155,2016-01-28 13:39:43,1.0,3,28,13,39,819
1156,2016-01-28 13:44:45,1.0,3,28,13,44,824
1157,2016-01-28 13:49:47,1.0,3,28,13,49,829
1158,2016-01-28 13:54:48,1.0,3,28,13,54,834
1159,2016-01-28 13:59:50,1.0,3,28,13,59,839
1160,2016-01-28 14:04:52,1.0,3,28,14,4,844
1161,2016-01-28 14:09:53,1.0,3,28,14,9,849
1162,2016-01-28 14:14:55,1.0,3,28,14,14,854
1163,2016-01-28 14:19:56,1.0,3,28,14,19,859
1164,2016-01-28 14:24:57,1.0,3,28,14,24,864
1165,2016-01-28 14:29:59,1.0,3,28,14,29,869
1166,2016-01-28 14:35:00,1.0,3,28,14,35,875
1167,2016-01-28 14:40:01,1.0,3,28,14,40,880
1168,2016-01-28 14:45:03,1.0,3,28,14,45,885
1169,2016-01-28 14:50:04,1.0,3,28,14,50,890
1170,2016-01-28 14:55:05,1.0,3,28,14,55,895
1171,2016-01-28 15:00:07,1.0,3,28,15,0,900
1172,2016-01-28 15:05:08,1.0,3,28,15,5,905
1173,2016-01-28 15:10:09,1.0,3,28,15,10,910
1174,2016-01-28 15:15:10,1.0,3,28,15,15,915
1175,2016-01-28 15:20:12,1.0,3,28,15,20,920
1176,2016-01-28 15:25:13,1.0,3,28,15,25,925
1177,2016-01-28 15:30:14,1.0,3,28,15,30,930
1178,2016-01-28 15:35:15,1.0,3,28,15,35,935
1179,2016-01-28 15:40:17,1.3,3,28,15,40,940
1180,2016-01-28 15:45:18,1.5,3,28,15,45,945
1181,2016-01-28 15:50:19,1.0,3,28,15,50,950
1182,2016-01-28 15:55:21,1.0,3,28,15,55,955
1183,2016-01-28 16:00:22,1.0,3,28,16,0,960
1184,2016-01-28 16:05:23,1.0,3,28,16,5,965
1185,2016-01-28 16:10:25,1.0,3,28,16,10,970
1186,2016-01-28 16:15:26,1.0,3,28,16,15,975
1187,2016-01-28 16:20:27,1.0,3,28,16,20,980
1188,2016-01-28 16:25:28,1.0,3,28,16,25,985
1189,2016-01-28 16:30:30,1.0,3,28,16,30,990
1190,2016-01-28 16:35:31,1.0,3,28,16,35,995
1191,2016-01-28 16:40:33,1.0,3,28,16,40,1000
1192,2016-01-28 16:45:34,1.0,3,28,16,45,1005
1193,2016-01-28 16:50:35,1.0,3,28,16,50,1010
1194,2016-01-28 16:55:36,1.0,3,28,16,55,1015
1195,2016-01-28 17:00:38,1.2,3,28,17,0,1020
1196,2016-01-28 17:05:39,1.0,3,28,17,5,1025
1197,2016-01-28 17:10:40,1.0,3,28,17,10,1030
1198,2016-01-28 17:15:42,1.0,3,28,17,15,1035
1199,2016-01-28 17:20:43,1.0,3,28,17,20,1040
1200,2016-01-28 17:25:44,1.0,3,28,17,25,1045
1201,2016-01-28 17:30:46,1.0,3,28,17,30,1050
1202,2016-01-28 17:35:47,1.0,3,28,17,35,1055
1203,2016-01-28 17:40:48,1.0,3,28,17,40,1060
1204,2016-01-28 17:45:49,1.5,3,28,17,45,1065
1205,2016-01-28 17:50:51,1.4,3,28,17,50,1070
1206,2016-01-28 17:55:52,1.0,3,28,17,55,1075
1207,2016-01-28 18:00:53,1.2,3,28,18,0,1080
1208,2016-01-28 18:05:55,1.5,3,28,18,5,1085
1209,2016-01-28 18:10:56,1.2,3,28,18,10,1090
1210,2016-01-28 18:15:57,1.0,3,28,18,15,1095
1211,2016-01-28 18:20:59,1.0,3,28,18,20,1100
1212,2016-01-28 18:26:00,1.7,3,28,18,26,1106
1213,2016-01-28 18:31:01,1.6,3,28,18,31,1111
1214,2016-01-28 18:36:02,1.0,3,28,18,36,1116
1215,2016-01-28 18:41:03,1.0,3,28,18,41,1121
1216,2016-01-28 18:46:05,1.4,3,28,18,46,1126
1217,2016-01-28 18:51:06,1.8,3,28,18,51,1131
1218,2016-01-28 18:56:07,1.0,3,28,18,56,1136
1219,2016-01-28 19:01:09,1.0,3,28,19,1,1141
1220,2016-01-28 19:06:10,1.0,3,28,19,6,1146
1221,2016-01-28 19:11:12,1.0,3,28,19,11,1151
1222,2016-01-28 19:16:13,1.0,3,28,19,16,1156
1223,2016-01-28 19:21:14,1.0,3,28,19,21,1161
1224,2016-01-28 19:26:16,1.0,3,28,19,26,1166
1225,2016-01-28 19:31:17,1.0,3,28,19,31,1171
1226,2016-01-28 19:36:18,1.0,3,28,19,36,1176
1227,2016-01-28 19:41:20,1.0,3,28,19,41,1181
1228,2016-01-28 19:46:23,1.0,3,28,19,46,1186
1229,2016-01-28 19:51:24,1.0,3,28,19,51,1191
1230,2016-01-28 19:56:26,1.0,3,28,19,56,1196
1231,2016-01-28 20:01:27,1.0,3,28,20,1,1201
1232,2016-01-28 20:06:29,1.0,3,28,20,6,1206
1233,2016-01-28 20:11:30,1.0,3,28,20,11,1211
1234,2016-01-28 20:16:31,1.0,3,28,20,16,1216
1235,2016-01-28 20:21:33,1.0,3,28,20,21,1221
1236,2016-01-28 20:26:34,1.0,3,28,20,26,1226
1237,2016-01-28 20:31:36,1.0,3,28,20,31,1231
1238,2016-01-28 20:36:37,1.0,3,28,20,36,1236
1239,2016-01-28 20:41:38,1.0,3,28,20,41,1241
1240,2016-01-28 20:46:40,1.0,3,28,20,46,1246
1241,2016-01-28 20:51:41,1.0,3,28,20,51,1251
1242,2016-01-28 20:56:42,1.0,3,28,20,56,1256
1243,2016-01-28 21:01:44,1.0,3,28,21,1,1261
1244,2016-01-28 21:06:45,1.0,3,28,21,6,1266
1245,2016-01-28 21:11:47,1.0,3,28,21,11,1271
1246,2016-01-28 21:16:48,1.0,3,28,21,16,1276
1247,2016-01-28 21:21:49,1.0,3,28,21,21,1281
1248,2016-01-28 21:26:50,1.0,3,28,21,26,1286
1249,2016-01-28 21:31:52,1.0,3,28,21,31,1291
1250,2016-01-28 21:36:53,1.0,3,28,21,36,1296
1251,2016-01-28 21:41:54,1.0,3,28,21,41,1301
1252,2016-01-28 21:46:56,1.0,3,28,21,46,1306
1253,2016-01-28 21:51:57,1.0,3,28,21,51,1311
1254,2016-01-28 21:56:58,1.2,3,28,21,56,1316
1255,2016-01-28 22:02:00,1.0,3,28,22,2,1322
1256,2016-01-28 22:07:01,1.3,3,28,22,7,1327
1257,2016-01-28 22:12:04,1.6,3,28,22,12,1332
1258,2016-01-28 22:17:05,1.8,3,28,22,17,1337
1259,2016-01-28 22:22:06,1.0,3,28,22,22,1342
1260,2016-01-28 22:27:08,1.0,3,28,22,27,1347
1261,2016-01-28 22:32:10,1.3,3,28,22,32,1352
1262,2016-01-28 22:37:11,1.9,3,28,22,37,1357
1263,2016-01-28 22:42:12,1.2,3,28,22,42,1362
1264,2016-01-28 22:47:14,1.0,3,28,22,47,1367
1265,2016-01-28 22:52:15,1.0,3,28,22,52,1372
1266,2016-01-28 22:57:16,1.5,3,28,22,57,1377
1267,2016-01-28 23:02:17,1.0,3,28,23,2,1382
1268,2016-01-28 23:07:19,1.0,3,28,23,7,1387
1269,2016-01-28 23:12:21,1.0,3,28,23,12,1392
1270,2016-01-28 23:17:22,1.0,3,28,23,17,1397
1271,2016-01-28 23:22:23,1.0,3,28,23,22,1402
1272,2016-01-28 23:27:24,1.0,3,28,23,27,1407
1273,2016-01-28 23:32:25,1.0,3,28,23,32,1412
1274,2016-01-28 23:37:27,1.0,3,28,23,37,1417
1275,2016-01-28 23:42:28,1.0,3,28,23,42,1422
1276,2016-01-28 23:47:30,1.0,3,28,23,47,1427
1277,2016-01-28 23:52:31,1.0,3,28,23,52,1432
1278,2016-01-28 23:57:32,1.0,3,28,23,57,1437
1279,2016-01-29 00:02:33,1.0,4,29,0,2,2
1280,2016-01-29 00:07:35,1.0,4,29,0,7,7
1281,2016-01-29 00:12:36,1.0,4,29,0,12,12
1282,2016-01-29 00:17:37,1.0,4,29,0,17,17
1283,2016-01-29 00:22:38,1.0,4,29,0,22,22
1284,2016-01-29 00:27:40,1.0,4,29,0,27,27
1285,2016-01-29 00:32:41,1.0,4,29,0,32,32
1286,2016-01-29 00:37:42,1.0,4,29,0,37,37
1287,2016-01-29 00:42:43,1.0,4,29,0,42,42
1288,2016-01-29 00:47:44,1.0,4,29,0,47,47
1289,2016-01-29 00:52:46,1.0,4,29,0,52,52
1290,2016-01-29 00:57:47,1.0,4,29,0,57,57
1291,2016-01-29 01:02:48,1.0,4,29,1,2,62
1292,2016-01-29 01:07:49,1.0,4,29,1,7,67
1293,2016-01-29 01:12:51,1.0,4,29,1,12,72
1294,2016-01-29 01:17:52,1.0,4,29,1,17,77
1295,2016-01-29 01:22:54,1.0,4,29,1,22,82
1296,2016-01-29 01:27:55,1.0,4,29,1,27,87
1297,2016-01-29 01:32:56,1.0,4,29,1,32,92
1298,2016-01-29 01:37:57,1.0,4,29,1,37,97
1299,2016-01-29 01:42:59,1.0,4,29,1,42,102
1300,2016-01-29 01:48:00,1.0,4,29,1,48,108
1301,2016-01-29 01:53:02,1.0,4,29,1,53,113
1302,2016-01-29 01:58:04,1.0,4,29,1,58,118
1303,2016-01-29 02:03:05,1.0,4,29,2,3,123
1304,2016-01-29 02:08:06,1.0,4,29,2,8,128
1305,2016-01-29 02:13:07,1.0,4,29,2,13,133
1306,2016-01-29 02:18:09,1.0,4,29,2,18,138
1307,2016-01-29 02:23:10,1.0,4,29,2,23,143
1308,2016-01-29 02:28:11,1.0,4,29,2,28,148
1309,2016-01-29 02:33:13,1.0,4,29,2,33,153
1310,2016-01-29 02:38:14,1.0,4,29,2,38,158
1311,2016-01-29 02:43:15,1.0,4,29,2,43,163
1312,2016-01-29 02:48:16,1.0,4,29,2,48,168
1313,2016-01-29 02:53:17,1.0,4,29,2,53,173
1314,2016-01-29 02:58:18,1.0,4,29,2,58,178
1315,2016-01-29 03:03:20,1.0,4,29,3,3,183
1316,2016-01-29 03:08:21,1.0,4,29,3,8,188
1317,2016-01-29 03:13:22,1.0,4,29,3,13,193
1318,2016-01-29 03:18:24,1.0,4,29,3,18,198
1319,2016-01-29 03:23:25,1.0,4,29,3,23,203
1320,2016-01-29 03:28:26,1.0,4,29,3,28,208
1321,2016-01-29 03:33:27,1.0,4,29,3,33,213
1322,2016-01-29 03:38:28,1.0,4,29,3,38,218
1323,2016-01-29 03:43:30,1.0,4,29,3,43,223
1324,2016-01-29 03:48:31,1.0,4,29,3,48,228
1325,2016-01-29 03:53:32,1.0,4,29,3,53,233
1326,2016-01-29 03:58:33,1.0,4,29,3,58,238
1327,2016-01-29 04:03:34,1.0,4,29,4,3,243
1328,2016-01-29 04:08:36,1.0,4,29,4,8,248
1329,2016-01-29 04:13:37,1.0,4,29,4,13,253
1330,2016-01-29 04:18:38,1.0,4,29,4,18,258
1331,2016-01-29 04:23:39,1.0,4,29,4,23,263
1332,2016-01-29 04:28:40,1.0,4,29,4,28,268
1333,2016-01-29 04:33:42,1.0,4,29,4,33,273
1334,2016-01-29 04:38:43,1.0,4,29,4,38,278
1335,2016-01-29 04:43:44,1.0,4,29,4,43,283
1336,2016-01-29 04:48:45,1.0,4,29,4,48,288
1337,2016-01-29 04:53:46,1.0,4,29,4,53,293
1338,2016-01-29 04:58:47,1.0,4,29,4,58,298
1339,2016-01-29 05:03:48,1.0,4,29,5,3,303
1340,2016-01-29 05:08:50,1.0,4,29,5,8,308
1341,2016-01-29 05:13:51,1.0,4,29,5,13,313
1342,2016-01-29 05:18:52,1.0,4,29,5,18,318
1343,2016-01-29 05:23:53,1.0,4,29,5,23,323
1344,2016-01-29 05:28:54,1.0,4,29,5,28,328
1345,2016-01-29 05:33:56,1.0,4,29,5,33,333
1346,2016-01-29 05:38:57,1.0,4,29,5,38,338
1347,2016-01-29 05:43:58,1.0,4,29,5,43,343
1348,2016-01-29 05:49:00,1.0,4,29,5,49,349
1349,2016-01-29 05:54:01,1.0,4,29,5,54,354
1350,2016-01-29 05:59:02,1.0,4,29,5,59,359
1351,2016-01-29 06:04:03,1.0,4,29,6,4,364
1352,2016-01-29 06:09:04,1.0,4,29,6,9,369
1353,2016-01-29 06:14:06,1.0,4,29,6,14,374
1354,2016-01-29 06:19:07,1.0,4,29,6,19,379
1355,2016-01-29 06:24:08,1.0,4,29,6,24,384
1356,2016-01-29 06:29:09,1.0,4,29,6,29,389
1357,2016-01-29 06:34:12,1.0,4,29,6,34,394
1358,2016-01-29 06:39:13,1.0,4,29,6,39,399
1359,2016-01-29 06:44:14,1.0,4,29,6,44,404
1360,2016-01-29 06:49:15,1.0,4,29,6,49,409
1361,2016-01-29 06:54:17,1.0,4,29,6,54,414
1362,2016-01-29 06:59:18,1.0,4,29,6,59,419
1363,2016-01-29 07:04:19,1.0,4,29,7,4,424
1364,2016-01-29 07:09:21,1.0,4,29,7,9,429
1365,2016-01-29 07:14:22,1.0,4,29,7,14,434
1366,2016-01-29 07:19:23,1.0,4,29,7,19,439
1367,2016-01-29 07:24:24,1.0,4,29,7,24,444
1368,2016-01-29 07:29:25,1.0,4,29,7,29,449
1369,2016-01-29 07:34:27,1.0,4,29,7,34,454
1370,2016-01-29 07:39:28,1.2,4,29,7,39,459
1371,2016-01-29 07:44:29,1.0,4,29,7,44,464
1372,2016-01-29 07:49:31,1.0,4,29,7,49,469
1373,2016-01-29 07:54:32,1.0,4,29,7,54,474
1374,2016-01-29 07:59:33,1.0,4,29,7,59,479
1375,2016-01-29 08:04:34,1.0,4,29,8,4,484
1376,2016-01-29 08:09:36,1.0,4,29,8,9,489
1377,2016-01-29 08:14:37,1.0,4,29,8,14,494
1378,2016-01-29 08:19:38,1.3,4,29,8,19,499
1379,2016-01-29 08:24:39,1.2,4,29,8,24,504
1380,2016-01-29 08:29:40,1.0,4,29,8,29,509
1381,2016-01-29 08:34:42,1.0,4,29,8,34,514
1382,2016-01-29 08:39:43,1.0,4,29,8,39,519
1383,2016-01-29 08:44:44,1.2,4,29,8,44,524
1384,2016-01-29 08:49:45,1.2,4,29,8,49,529
1385,2016-01-29 08:54:46,1.0,4,29,8,54,534
1386,2016-01-29 08:59:48,1.0,4,29,8,59,539
1387,2016-01-29 09:04:49,1.0,4,29,9,4,544
1388,2016-01-29 09:09:50,1.0,4,29,9,9,549
1389,2016-01-29 09:14:51,1.0,4,29,9,14,554
1390,2016-01-29 09:19:52,1.0,4,29,9,19,559
1391,2016-01-29 09:24:54,1.0,4,29,9,24,564
1392,2016-01-29 09:29:55,1.0,4,29,9,29,569
1393,2016-01-29 09:34:56,1.0,4,29,9,34,574
1394,2016-01-29 09:39:57,1.0,4,29,9,39,579
1395,2016-01-29 09:44:58,1.0,4,29,9,44,584
1396,2016-01-29 09:50:00,1.0,4,29,9,50,590
1397,2016-01-29 09:55:01,1.0,4,29,9,55,595
1398,2016-01-29 10:00:03,1.0,4,29,10,0,600
1399,2016-01-29 10:05:04,1.0,4,29,10,5,605
1400,2016-01-29 10:10:05,1.0,4,29,10,10,610
1401,2016-01-29 10:15:06,1.0,4,29,10,15,615
1402,2016-01-29 10:20:08,1.0,4,29,10,20,620
1403,2016-01-29 10:25:09,1.0,4,29,10,25,625
1404,2016-01-29 10:30:10,1.0,4,29,10,30,630
1405,2016-01-29 10:35:11,1.0,4,29,10,35,635
1406,2016-01-29 10:40:13,1.0,4,29,10,40,640
1407,2016-01-29 10:45:14,1.0,4,29,10,45,645
1408,2016-01-29 10:50:15,1.0,4,29,10,50,650
1409,2016-01-29 10:55:16,1.0,4,29,10,55,655
1410,2016-01-29 11:00:18,1.0,4,29,11,0,660
1411,2016-01-29 11:05:19,1.0,4,29,11,5,665
1412,2016-01-29 11:10:20,1.0,4,29,11,10,670
1413,2016-01-29 11:15:22,1.0,4,29,11,15,675
1414,2016-01-29 11:20:23,1.0,4,29,11,20,680
1415,2016-01-29 11:25:24,1.0,4,29,11,25,685
1416,2016-01-29 11:30:25,1.0,4,29,11,30,690
1417,2016-01-29 11:35:27,1.0,4,29,11,35,695
1418,2016-01-29 11:40:28,1.0,4,29,11,40,700
1419,2016-01-29 11:45:29,1.0,4,29,11,45,705
1420,2016-01-29 11:50:30,1.0,4,29,11,50,710
1421,2016-01-29 11:55:31,1.0,4,29,11,55,715
1422,2016-01-29 12:00:33,1.0,4,29,12,0,720
1423,2016-01-29 12:05:34,1.0,4,29,12,5,725
1424,2016-01-29 12:10:35,1.0,4,29,12,10,730
1425,2016-01-29 12:15:36,1.0,4,29,12,15,735
1426,2016-01-29 12:20:38,1.0,4,29,12,20,740
1427,2016-01-29 12:25:39,1.0,4,29,12,25,745
1428,2016-01-29 12:30:40,1.0,4,29,12,30,750
1429,2016-01-29 12:35:41,1.0,4,29,12,35,755
1430,2016-01-29 12:40:43,1.0,4,29,12,40,760
1431,2016-01-29 12:45:44,1.0,4,29,12,45,765
1432,2016-01-29 12:50:45,1.0,4,29,12,50,770
1433,2016-01-29 12:55:46,1.0,4,29,12,55,775
1434,2016-01-29 13:00:48,1.0,4,29,13,0,780
1435,2016-01-29 13:05:49,1.0,4,29,13,5,785
1436,2016-01-29 13:10:50,1.0,4,29,13,10,790
1437,2016-01-29 13:15:51,1.0,4,29,13,15,795
1438,2016-01-29 13:20:53,1.0,4,29,13,20,800
1439,2016-01-29 13:25:54,1.3,4,29,13,25,805
1440,2016-01-29 13:30:55,1.0,4,29,13,30,810
1441,2016-01-29 13:35:56,1.0,4,29,13,35,815
1442,2016-01-29 13:40:57,1.0,4,29,13,40,820
1443,2016-01-29 13:45:59,1.0,4,29,13,45,825
1444,2016-01-29 13:51:00,1.2,4,29,13,51,831
1445,2016-01-29 13:56:01,1.0,4,29,13,56,836
1446,2016-01-29 14:01:03,1.3,4,29,14,1,841
1447,2016-01-29 14:06:05,1.2,4,29,14,6,846
1448,2016-01-29 14:11:06,1.2,4,29,14,11,851
1449,2016-01-29 14:16:07,1.5,4,29,14,16,856
1450,2016-01-29 14:21:08,2.1,4,29,14,21,861
1451,2016-01-29 14:26:09,1.3,4,29,14,26,866
1452,2016-01-29 14:31:11,1.0,4,29,14,31,871
1453,2016-01-29 14:36:12,1.3,4,29,14,36,876
1454,2016-01-29 14:41:13,1.5,4,29,14,41,881
1455,2016-01-29 14:46:14,1.0,4,29,14,46,886
1456,2016-01-29 14:51:16,1.3,4,29,14,51,891
1457,2016-01-29 14:56:17,1.2,4,29,14,56,896
1458,2016-01-29 15:01:18,1.0,4,29,15,1,901
1459,2016-01-29 15:06:20,1.2,4,29,15,6,906
1460,2016-01-29 15:11:21,1.3,4,29,15,11,911
1461,2016-01-29 15:16:22,1.0,4,29,15,16,916
1462,2016-01-29 15:21:24,1.0,4,29,15,21,921
1463,2016-01-29 15:26:25,1.0,4,29,15,26,926
1464,2016-01-29 15:31:27,1.5,4,29,15,31,931
1465,2016-01-29 15:36:28,1.3,4,29,15,36,936
1466,2016-01-29 15:41:29,1.0,4,29,15,41,941
1467,2016-01-29 15:46:30,1.4,4,29,15,46,946
1468,2016-01-29 15:51:31,1.6,4,29,15,51,951
1469,2016-01-29 15:56:33,1.0,4,29,15,56,956
1470,2016-01-29 16:01:34,1.0,4,29,16,1,961
1471,2016-01-29 16:06:35,1.5,4,29,16,6,966
1472,2016-01-29 16:11:36,1.4,4,29,16,11,971
1473,2016-01-29 16:16:38,1.2,4,29,16,16,976
1474,2016-01-29 16:21:39,1.0,4,29,16,21,981
1475,2016-01-29 16:26:40,1.3,4,29,16,26,986
1476,2016-01-29 16:31:41,1.0,4,29,16,31,991
1477,2016-01-29 16:36:43,1.0,4,29,16,36,996
1478,2016-01-29 16:41:44,1.4,4,29,16,41,1001
1479,2016-01-29 16:46:45,1.4,4,29,16,46,1006
1480,2016-01-29 16:51:47,1.0,4,29,16,51,1011
1481,2016-01-29 16:56:48,1.0,4,29,16,56,1016
1482,2016-01-29 17:01:50,1.0,4,29,17,1,1021
1483,2016-01-29 17:06:51,1.0,4,29,17,6,1026
1484,2016-01-29 17:11:52,1.0,4,29,17,11,1031
1485,2016-01-29 17:16:53,1.3,4,29,17,16,1036
1486,2016-01-29 17:21:55,1.7,4,29,17,21,1041
1487,2016-01-29 17:26:56,1.2,4,29,17,26,1046
1488,2016-01-29 17:31:59,1.0,4,29,17,31,1051
1489,2016-01-29 17:37:01,1.2,4,29,17,37,1057
1490,2016-01-29 17:42:02,1.6,4,29,17,42,1062
1491,2016-01-29 17:47:03,1.6,4,29,17,47,1067
1492,2016-01-29 17:52:04,1.5,4,29,17,52,1072
1493,2016-01-29 17:57:06,1.0,4,29,17,57,1077
1494,2016-01-29 18:02:11,1.2,4,29,18,2,1082
1495,2016-01-29 18:07:12,1.7,4,29,18,7,1087
1496,2016-01-29 18:12:13,1.9,4,29,18,12,1092
1497,2016-01-29 18:17:15,1.8,4,29,18,17,1097
1498,2016-01-29 18:22:16,1.8,4,29,18,22,1102
1499,2016-01-29 18:27:17,1.8,4,29,18,27,1107
1500,2016-01-29 18:32:18,1.3,4,29,18,32,1112
1501,2016-01-29 18:37:20,1.2,4,29,18,37,1117
1502,2016-01-29 18:42:21,1.2,4,29,18,42,1122
1503,2016-01-29 18:47:22,1.4,4,29,18,47,1127
1504,2016-01-29 18:52:23,1.7,4,29,18,52,1132
1505,2016-01-29 18:57:25,1.6,4,29,18,57,1137
1506,2016-01-29 19:02:26,1.3,4,29,19,2,1142
1507,2016-01-29 19:07:28,1.6,4,29,19,7,1147
1508,2016-01-29 19:12:29,1.7,4,29,19,12,1152
1509,2016-01-29 19:17:31,1.5,4,29,19,17,1157
1510,2016-01-29 19:22:32,1.5,4,29,19,22,1162
1511,2016-01-29 19:27:34,1.3,4,29,19,27,1167
1512,2016-01-29 19:32:49,1.2,4,29,19,32,1172
1513,2016-01-29 19:37:50,1.2,4,29,19,37,1177
1514,2016-01-29 19:42:52,1.2,4,29,19,42,1182
1515,2016-01-29 19:47:53,1.2,4,29,19,47,1187
1516,2016-01-29 19:52:55,1.0,4,29,19,52,1192
1517,2016-01-29 19:57:56,1.0,4,29,19,57,1197
1518,2016-01-29 20:02:57,1.0,4,29,20,2,1202
1519,2016-01-29 20:08:02,1.0,4,29,20,8,1208
1520,2016-01-29 20:13:03,1.0,4,29,20,13,1213
1521,2016-01-29 20:18:05,1.0,4,29,20,18,1218
1522,2016-01-29 20:23:06,1.0,4,29,20,23,1223
1523,2016-01-29 20:28:14,1.0,4,29,20,28,1228
1524,2016-01-29 20:33:15,1.0,4,29,20,33,1233
1525,2016-01-29 20:38:16,1.0,4,29,20,38,1238
1526,2016-01-29 20:43:18,1.0,4,29,20,43,1243
1527,2016-01-29 20:48:19,1.0,4,29,20,48,1248
1528,2016-01-29 20:53:20,1.0,4,29,20,53,1253
1529,2016-01-29 20:58:25,1.0,4,29,20,58,1258
1530,2016-01-29 21:03:27,1.0,4,29,21,3,1263
1531,2016-01-29 21:08:28,1.0,4,29,21,8,1268
1532,2016-01-29 21:13:29,1.0,4,29,21,13,1273
1533,2016-01-29 21:18:31,1.0,4,29,21,18,1278
1534,2016-01-29 21:23:32,1.0,4,29,21,23,1283
1535,2016-01-29 21:28:33,1.0,4,29,21,28,1288
1536,2016-01-29 21:33:35,1.0,4,29,21,33,1293
1537,2016-01-29 21:38:36,1.0,4,29,21,38,1298
1538,2016-01-29 21:43:37,1.0,4,29,21,43,1303
1539,2016-01-29 21:48:39,1.0,4,29,21,48,1308
1540,2016-01-29 21:53:40,1.0,4,29,21,53,1313
1541,2016-01-29 21:58:42,1.0,4,29,21,58,1318
1542,2016-01-29 22:03:43,1.0,4,29,22,3,1323
1543,2016-01-29 22:08:44,1.2,4,29,22,8,1328
1544,2016-01-29 22:13:45,1.4,4,29,22,13,1333
1545,2016-01-29 22:18:47,1.0,4,29,22,18,1338
1546,2016-01-29 22:23:48,1.0,4,29,22,23,1343
1547,2016-01-29 22:28:49,1.0,4,29,22,28,1348
1548,2016-01-29 22:33:51,1.0,4,29,22,33,1353
1549,2016-01-29 22:38:52,1.0,4,29,22,38,1358
1550,2016-01-29 22:43:53,1.0,4,29,22,43,1363
1551,2016-01-29 22:48:55,1.0,4,29,22,48,1368
1552,2016-01-29 22:53:56,1.3,4,29,22,53,1373
1553,2016-01-29 22:58:57,1.5,4,29,22,58,1378
1554,2016-01-29 23:03:59,1.3,4,29,23,3,1383
1555,2016-01-29 23:09:00,1.2,4,29,23,9,1389
1556,2016-01-29 23:14:01,1.5,4,29,23,14,1394
1557,2016-01-29 23:19:03,1.5,4,29,23,19,1399
1558,2016-01-29 23:24:04,1.0,4,29,23,24,1404
1559,2016-01-29 23:29:05,1.0,4,29,23,29,1409
1560,2016-01-29 23:34:06,1.3,4,29,23,34,1414
1561,2016-01-29 23:39:08,1.4,4,29,23,39,1419
1562,2016-01-29 23:44:09,1.4,4,29,23,44,1424
1563,2016-01-29 23:49:11,1.0,4,29,23,49,1429
1564,2016-01-29 23:54:12,1.0,4,29,23,54,1434
1565,2016-01-29 23:59:13,1.5,4,29,23,59,1439
1566,2016-01-30 00:04:15,1.2,5,30,0,4,4
1567,2016-01-30 00:09:16,1.0,5,30,0,9,9
1568,2016-01-30 00:14:17,1.0,5,30,0,14,14
1569,2016-01-30 00:19:19,1.0,5,30,0,19,19
1570,2016-01-30 00:24:20,1.0,5,30,0,24,24
1571,2016-01-30 00:29:22,1.0,5,30,0,29,29
1572,2016-01-30 00:34:23,1.0,5,30,0,34,34
1573,2016-01-30 00:39:24,1.0,5,30,0,39,39
1574,2016-01-30 00:44:25,1.0,5,30,0,44,44
1575,2016-01-30 00:49:27,1.0,5,30,0,49,49
1576,2016-01-30 00:54:28,1.0,5,30,0,54,54
1577,2016-01-30 00:59:29,1.0,5,30,0,59,59
1578,2016-01-30 01:04:30,1.0,5,30,1,4,64
1579,2016-01-30 01:09:32,1.0,5,30,1,9,69
1580,2016-01-30 01:14:33,1.0,5,30,1,14,74
1581,2016-01-30 01:19:34,1.0,5,30,1,19,79
1582,2016-01-30 01:24:35,1.0,5,30,1,24,84
1583,2016-01-30 01:29:37,1.0,5,30,1,29,89
1584,2016-01-30 01:34:38,1.0,5,30,1,34,94
1585,2016-01-30 01:39:39,1.0,5,30,1,39,99
1586,2016-01-30 01:44:40,1.0,5,30,1,44,104
1587,2016-01-30 01:49:41,1.0,5,30,1,49,109
1588,2016-01-30 01:54:43,1.0,5,30,1,54,114
1589,2016-01-30 01:59:44,1.0,5,30,1,59,119
1590,2016-01-30 02:04:45,1.0,5,30,2,4,124
1591,2016-01-30 02:09:47,1.0,5,30,2,9,129
1592,2016-01-30 02:14:48,1.0,5,30,2,14,134
1593,2016-01-30 02:19:49,1.0,5,30,2,19,139
1594,2016-01-30 02:24:51,1.0,5,30,2,24,144
1595,2016-01-30 02:29:52,1.0,5,30,2,29,149
1596,2016-01-30 02:34:53,1.0,5,30,2,34,154
1597,2016-01-30 02:39:54,1.0,5,30,2,39,159
1598,2016-01-30 02:44:55,1.0,5,30,2,44,164
1599,2016-01-30 02:49:56,1.0,5,30,2,49,169
1600,2016-01-30 02:54:58,1.0,5,30,2,54,174
1601,2016-01-30 02:59:59,1.0,5,30,2,59,179
1602,2016-01-30 03:05:00,1.0,5,30,3,5,185
1603,2016-01-30 03:10:01,1.0,5,30,3,10,190
1604,2016-01-30 03:15:03,1.0,5,30,3,15,195
1605,2016-01-30 03:20:04,1.0,5,30,3,20,200
1606,2016-01-30 03:25:05,1.0,5,30,3,25,205
1607,2016-01-30 03:30:07,1.0,5,30,3,30,210
1608,2016-01-30 03:35:08,1.0,5,30,3,35,215
1609,2016-01-30 03:40:09,1.0,5,30,3,40,220
1610,2016-01-30 03:45:10,1.0,5,30,3,45,225
1611,2016-01-30 03:50:11,1.0,5,30,3,50,230
1612,2016-01-30 03:55:13,1.0,5,30,3,55,235
1613,2016-01-30 04:00:14,1.0,5,30,4,0,240
1614,2016-01-30 04:05:16,1.0,5,30,4,5,245
1615,2016-01-30 04:10:17,1.0,5,30,4,10,250
1616,2016-01-30 04:15:18,1.0,5,30,4,15,255
1617,2016-01-30 04:20:19,1.0,5,30,4,20,260
1618,2016-01-30 04:25:20,1.0,5,30,4,25,265
1619,2016-01-30 04:30:21,1.0,5,30,4,30,270
1620,2016-01-30 04:35:23,1.0,5,30,4,35,275
1621,2016-01-30 04:40:24,1.0,5,30,4,40,280
1622,2016-01-30 04:45:25,1.0,5,30,4,45,285
1623,2016-01-30 04:50:27,1.0,5,30,4,50,290
1624,2016-01-30 04:55:28,1.0,5,30,4,55,295
1625,2016-01-30 05:00:29,1.0,5,30,5,0,300
1626,2016-01-30 05:05:31,1.0,5,30,5,5,305
1627,2016-01-30 05:10:32,1.0,5,30,5,10,310
1628,2016-01-30 05:15:33,1.0,5,30,5,15,315
1629,2016-01-30 05:20:34,1.0,5,30,5,20,320
1630,2016-01-30 05:25:35,1.0,5,30,5,25,325
1631,2016-01-30 05:30:36,1.0,5,30,5,30,330
1632,2016-01-30 05:35:38,1.0,5,30,5,35,335
1633,2016-01-30 05:40:39,1.0,5,30,5,40,340
1634,2016-01-30 05:45:40,1.0,5,30,5,45,345
1635,2016-01-30 05:50:41,1.0,5,30,5,50,350
1636,2016-01-30 05:55:42,1.0,5,30,5,55,355
1637,2016-01-30 06:00:43,1.0,5,30,6,0,360
1638,2016-01-30 06:05:45,1.0,5,30,6,5,365
1639,2016-01-30 06:10:46,1.0,5,30,6,10,370
1640,2016-01-30 06:15:47,1.0,5,30,6,15,375
1641,2016-01-30 06:20:48,1.0,5,30,6,20,380
1642,2016-01-30 06:25:49,1.0,5,30,6,25,385
1643,2016-01-30 06:30:50,1.0,5,30,6,30,390
1644,2016-01-30 06:35:52,1.0,5,30,6,35,395
1645,2016-01-30 06:40:53,1.0,5,30,6,40,400
1646,2016-01-30 06:45:54,1.0,5,30,6,45,405
1647,2016-01-30 06:50:55,1.0,5,30,6,50,410
1648,2016-01-30 06:55:56,1.0,5,30,6,55,415
1649,2016-01-30 07:00:57,1.0,5,30,7,0,420
1650,2016-01-30 07:05:59,1.0,5,30,7,5,425
1651,2016-01-30 07:11:00,1.0,5,30,7,11,431
1652,2016-01-30 07:16:01,1.0,5,30,7,16,436
1653,2016-01-30 07:21:02,1.0,5,30,7,21,441
1654,2016-01-30 07:26:04,1.0,5,30,7,26,446
1655,2016-01-30 07:31:05,1.0,5,30,7,31,451
1656,2016-01-30 07:36:06,1.0,5,30,7,36,456
1657,2016-01-30 07:41:07,1.0,5,30,7,41,461
1658,2016-01-30 07:46:08,1.0,5,30,7,46,466
1659,2016-01-30 07:51:10,1.0,5,30,7,51,471
1660,2016-01-30 07:56:11,1.0,5,30,7,56,476
1661,2016-01-30 08:01:12,1.0,5,30,8,1,481
1662,2016-01-30 08:06:13,1.0,5,30,8,6,486
1663,2016-01-30 08:11:14,1.0,5,30,8,11,491
1664,2016-01-30 08:16:16,1.0,5,30,8,16,496
1665,2016-01-30 08:21:17,1.0,5,30,8,21,501
1666,2016-01-30 08:26:18,1.0,5,30,8,26,506
1667,2016-01-30 08:31:19,1.0,5,30,8,31,511
1668,2016-01-30 08:36:20,1.0,5,30,8,36,516
1669,2016-01-30 08:41:22,1.0,5,30,8,41,521
1670,2016-01-30 08:46:23,1.0,5,30,8,46,526
1671,2016-01-30 08:51:24,1.0,5,30,8,51,531
1672,2016-01-30 08:56:25,1.0,5,30,8,56,536
1673,2016-01-30 09:01:26,1.0,5,30,9,1,541
1674,2016-01-30 09:06:27,1.0,5,30,9,6,546
1675,2016-01-30 09:11:28,1.0,5,30,9,11,551
1676,2016-01-30 09:16:30,1.0,5,30,9,16,556
1677,2016-01-30 09:21:31,1.0,5,30,9,21,561
1678,2016-01-30 09:26:32,1.0,5,30,9,26,566
1679,2016-01-30 09:31:33,1.0,5,30,9,31,571
1680,2016-01-30 09:36:34,1.0,5,30,9,36,576
1681,2016-01-30 09:41:35,1.0,5,30,9,41,581
1682,2016-01-30 09:46:37,1.2,5,30,9,46,586
1683,2016-01-30 09:51:38,1.0,5,30,9,51,591
1684,2016-01-30 09:56:39,1.0,5,30,9,56,596
1685,2016-01-30 10:01:40,1.0,5,30,10,1,601
1686,2016-01-30 10:06:41,1.0,5,30,10,6,606
1687,2016-01-30 10:11:42,1.0,5,30,10,11,611
1688,2016-01-30 10:16:44,1.0,5,30,10,16,616
1689,2016-01-30 10:21:45,1.0,5,30,10,21,621
1690,2016-01-30 10:26:46,1.0,5,30,10,26,626
1691,2016-01-30 10:31:47,1.0,5,30,10,31,631
1692,2016-01-30 10:36:49,1.0,5,30,10,36,636
1693,2016-01-30 10:41:50,1.0,5,30,10,41,641
1694,2016-01-30 10:46:51,1.0,5,30,10,46,646
1695,2016-01-30 10:51:52,1.3,5,30,10,51,651
1696,2016-01-30 10:56:53,1.0,5,30,10,56,656
1697,2016-01-30 11:01:55,1.0,5,30,11,1,661
1698,2016-01-30 11:06:56,1.0,5,30,11,6,666
1699,2016-01-30 11:11:57,1.0,5,30,11,11,671
1700,2016-01-30 11:16:58,1.0,5,30,11,16,676
1701,2016-01-30 11:22:00,1.0,5,30,11,22,682
1702,2016-01-30 11:27:01,1.0,5,30,11,27,687
1703,2016-01-30 11:32:02,1.0,5,30,11,32,692
1704,2016-01-30 11:37:03,1.0,5,30,11,37,697
1705,2016-01-30 11:42:05,1.0,5,30,11,42,702
1706,2016-01-30 11:47:06,1.0,5,30,11,47,707
1707,2016-01-30 11:52:07,1.0,5,30,11,52,712
1708,2016-01-30 11:57:08,1.0,5,30,11,57,717
1709,2016-01-30 12:02:09,1.0,5,30,12,2,722
1710,2016-01-30 12:07:11,1.0,5,30,12,7,727
1711,2016-01-30 12:12:12,1.0,5,30,12,12,732
1712,2016-01-30 12:17:13,1.0,5,30,12,17,737
1713,2016-01-30 12:22:14,1.0,5,30,12,22,742
1714,2016-01-30 12:27:15,1.0,5,30,12,27,747
1715,2016-01-30 12:32:17,1.0,5,30,12,32,752
1716,2016-01-30 12:37:18,1.0,5,30,12,37,757
1717,2016-01-30 12:42:19,1.0,5,30,12,42,762
1718,2016-01-30 12:47:20,1.0,5,30,12,47,767
1719,2016-01-30 12:52:22,1.0,5,30,12,52,772
1720,2016-01-30 12:57:23,1.0,5,30,12,57,777
1721,2016-01-30 13:02:24,1.0,5,30,13,2,782
1722,2016-01-30 13:07:25,1.0,5,30,13,7,787
1723,2016-01-30 13:12:27,1.3,5,30,13,12,792
1724,2016-01-30 13:17:28,1.3,5,30,13,17,797
1725,2016-01-30 13:22:29,1.0,5,30,13,22,802
1726,2016-01-30 13:27:30,1.0,5,30,13,27,807
1727,2016-01-30 13:32:31,1.0,5,30,13,32,812
1728,2016-01-30 13:37:33,1.0,5,30,13,37,817
1729,2016-01-30 13:42:34,1.0,5,30,13,42,822
1730,2016-01-30 13:47:35,1.0,5,30,13,47,827
1731,2016-01-30 13:52:37,1.0,5,30,13,52,832
1732,2016-01-30 13:57:38,1.0,5,30,13,57,837
1733,2016-01-30 14:02:41,1.0,5,30,14,2,842
1734,2016-01-30 14:07:42,1.0,5,30,14,7,847
1735,2016-01-30 14:12:43,1.0,5,30,14,12,852
1736,2016-01-30 14:17:45,1.0,5,30,14,17,857
1737,2016-01-30 14:22:46,1.0,5,30,14,22,862
1738,2016-01-30 14:27:47,1.0,5,30,14,27,867
1739,2016-01-30 14:32:48,1.0,5,30,14,32,872
1740,2016-01-30 14:37:49,1.0,5,30,14,37,877
1741,2016-01-30 14:42:51,1.0,5,30,14,42,882
1742,2016-01-30 14:47:52,1.0,5,30,14,47,887
1743,2016-01-30 14:52:53,1.0,5,30,14,52,892
1744,2016-01-30 14:57:54,1.0,5,30,14,57,897
1745,2016-01-30 15:02:56,1.0,5,30,15,2,902
1746,2016-01-30 15:07:57,1.0,5,30,15,7,907
1747,2016-01-30 15:12:58,1.0,5,30,15,12,912
1748,2016-01-30 15:18:00,1.0,5,30,15,18,918
1749,2016-01-30 15:23:01,1.0,5,30,15,23,923
1750,2016-01-30 15:28:02,1.0,5,30,15,28,928
1751,2016-01-30 15:33:03,1.0,5,30,15,33,933
1752,2016-01-30 15:38:05,1.0,5,30,15,38,938
1753,2016-01-30 15:43:06,1.0,5,30,15,43,943
1754,2016-01-30 15:48:07,1.0,5,30,15,48,948
1755,2016-01-30 15:53:08,1.0,5,30,15,53,953
1756,2016-01-30 15:58:09,1.0,5,30,15,58,958
1757,2016-01-30 16:03:11,1.0,5,30,16,3,963
1758,2016-01-30 16:08:12,1.0,5,30,16,8,968
1759,2016-01-30 16:13:13,1.0,5,30,16,13,973
1760,2016-01-30 16:18:14,1.2,5,30,16,18,978
1761,2016-01-30 16:23:16,1.0,5,30,16,23,983
1762,2016-01-30 16:28:17,1.0,5,30,16,28,988
1763,2016-01-30 16:33:18,1.2,5,30,16,33,993
1764,2016-01-30 16:38:20,1.2,5,30,16,38,998
1765,2016-01-30 16:43:21,1.2,5,30,16,43,1003
1766,2016-01-30 16:48:22,1.0,5,30,16,48,1008
1767,2016-01-30 16:53:23,1.0,5,30,16,53,1013
1768,2016-01-30 16:58:25,1.6,5,30,16,58,1018
1769,2016-01-30 17:03:26,1.9,5,30,17,3,1023
1770,2016-01-30 17:08:27,1.0,5,30,17,8,1028
1771,2016-01-30 17:13:28,1.0,5,30,17,13,1033
1772,2016-01-30 17:18:30,1.6,5,30,17,18,1038
1773,2016-01-30 17:23:31,1.8,5,30,17,23,1043
1774,2016-01-30 17:28:32,1.5,5,30,17,28,1048
1775,2016-01-30 17:33:33,1.0,5,30,17,33,1053
1776,2016-01-30 17:38:35,1.0,5,30,17,38,1058
1777,2016-01-30 17:43:36,1.3,5,30,17,43,1063
1778,2016-01-30 17:48:37,1.6,5,30,17,48,1068
1779,2016-01-30 17:53:38,1.2,5,30,17,53,1073
1780,2016-01-30 17:58:39,1.0,5,30,17,58,1078
1781,2016-01-30 18:03:41,1.0,5,30,18,3,1083
1782,2016-01-30 18:08:42,1.4,5,30,18,8,1088
1783,2016-01-30 18:13:43,1.8,5,30,18,13,1093
1784,2016-01-30 18:18:44,1.2,5,30,18,18,1098
1785,2016-01-30 18:23:46,1.0,5,30,18,23,1103
1786,2016-01-30 18:28:47,1.0,5,30,18,28,1108
1787,2016-01-30 18:33:48,1.9,5,30,18,33,1113
1788,2016-01-30 18:38:50,1.3,5,30,18,38,1118
1789,2016-01-30 18:43:51,1.0,5,30,18,43,1123
1790,2016-01-30 18:48:52,1.0,5,30,18,48,1128
1791,2016-01-30 18:53:53,1.8,5,30,18,53,1133
1792,2016-01-30 18:58:55,2.0,5,30,18,58,1138
1793,2016-01-30 19:03:56,1.0,5,30,19,3,1143
1794,2016-01-30 19:08:57,1.0,5,30,19,8,1148
1795,2016-01-30 19:13:58,1.4,5,30,19,13,1153
1796,2016-01-30 19:19:00,1.8,5,30,19,19,1159
1797,2016-01-30 19:24:01,1.4,5,30,19,24,1164
1798,2016-01-30 19:29:02,1.0,5,30,19,29,1169
1799,2016-01-30 19:34:04,1.0,5,30,19,34,1174
1800,2016-01-30 19:39:05,1.0,5,30,19,39,1179
1801,2016-01-30 19:44:06,1.0,5,30,19,44,1184
1802,2016-01-30 19:49:07,1.4,5,30,19,49,1189
1803,2016-01-30 19:54:08,1.3,5,30,19,54,1194
1804,2016-01-30 19:59:10,1.0,5,30,19,59,1199
1805,2016-01-30 20:04:11,1.0,5,30,20,4,1204
1806,2016-01-30 20:09:12,1.0,5,30,20,9,1209
1807,2016-01-30 20:14:14,1.0,5,30,20,14,1214
1808,2016-01-30 20:19:15,1.0,5,30,20,19,1219
1809,2016-01-30 20:24:17,1.0,5,30,20,24,1224
1810,2016-01-30 20:29:18,1.0,5,30,20,29,1229
1811,2016-01-30 20:34:20,1.0,5,30,20,34,1234
1812,2016-01-30 20:39:21,1.0,5,30,20,39,1239
1813,2016-01-30 20:44:23,1.0,5,30,20,44,1244
1814,2016-01-30 20:49:24,1.0,5,30,20,49,1249
1815,2016-01-30 20:54:25,1.0,5,30,20,54,1254
1816,2016-01-30 20:59:27,1.0,5,30,20,59,1259
1817,2016-01-30 21:04:28,1.0,5,30,21,4,1264
1818,2016-01-30 21:09:30,1.0,5,30,21,9,1269
1819,2016-01-30 21:14:31,1.0,5,30,21,14,1274
1820,2016-01-30 21:19:33,1.0,5,30,21,19,1279
1821,2016-01-30 21:24:34,1.0,5,30,21,24,1284
1822,2016-01-30 21:29:35,1.0,5,30,21,29,1289
1823,2016-01-30 21:34:36,1.0,5,30,21,34,1294
1824,2016-01-30 21:39:38,1.0,5,30,21,39,1299
1825,2016-01-30 21:44:39,1.0,5,30,21,44,1304
1826,2016-01-30 21:49:40,1.0,5,30,21,49,1309
1827,2016-01-30 21:54:42,1.0,5,30,21,54,1314
1828,2016-01-30 21:59:43,1.0,5,30,21,59,1319
1829,2016-01-30 22:04:44,1.0,5,30,22,4,1324
1830,2016-01-30 22:09:46,1.0,5,30,22,9,1329
1831,2016-01-30 22:14:47,1.0,5,30,22,14,1334
1832,2016-01-30 22:19:48,1.0,5,30,22,19,1339
1833,2016-01-30 22:24:50,1.0,5,30,22,24,1344
1834,2016-01-30 22:29:51,1.0,5,30,22,29,1349
1835,2016-01-30 22:34:52,1.0,5,30,22,34,1354
1836,2016-01-30 22:39:53,1.0,5,30,22,39,1359
1837,2016-01-30 22:44:55,1.0,5,30,22,44,1364
1838,2016-01-30 22:49:56,1.0,5,30,22,49,1369
1839,2016-01-30 22:54:57,1.0,5,30,22,54,1374
1840,2016-01-30 22:59:58,1.0,5,30,22,59,1379
1841,2016-01-30 23:05:00,1.0,5,30,23,5,1385
1842,2016-01-30 23:10:01,1.0,5,30,23,10,1390
1843,2016-01-30 23:15:02,1.0,5,30,23,15,1395
1844,2016-01-30 23:20:04,1.0,5,30,23,20,1400
1845,2016-01-30 23:25:05,1.2,5,30,23,25,1405
1846,2016-01-30 23:30:06,1.0,5,30,23,30,1410
1847,2016-01-30 23:35:08,1.0,5,30,23,35,1415
1848,2016-01-30 23:40:09,1.5,5,30,23,40,1420
1849,2016-01-30 23:45:10,1.4,5,30,23,45,1425
1850,2016-01-30 23:50:12,1.0,5,30,23,50,1430
1851,2016-01-30 23:55:13,1.0,5,30,23,55,1435
1852,2016-01-31 00:00:14,1.2,6,31,0,0,0
1853,2016-01-31 00:05:15,1.2,6,31,0,5,5
1854,2016-01-31 00:10:17,1.0,6,31,0,10,10
1855,2016-01-31 00:15:18,1.0,6,31,0,15,15
1856,2016-01-31 00:20:19,1.0,6,31,0,20,20
1857,2016-01-31 00:25:20,1.0,6,31,0,25,25
1858,2016-01-31 00:30:21,1.2,6,31,0,30,30
1859,2016-01-31 00:35:23,1.2,6,31,0,35,35
1860,2016-01-31 00:40:24,1.0,6,31,0,40,40
1861,2016-01-31 00:45:25,1.0,6,31,0,45,45
1862,2016-01-31 00:50:27,1.0,6,31,0,50,50
1863,2016-01-31 00:55:28,1.0,6,31,0,55,55
1864,2016-01-31 01:00:30,1.0,6,31,1,0,60
1865,2016-01-31 01:05:31,1.0,6,31,1,5,65
1866,2016-01-31 01:10:33,1.0,6,31,1,10,70
1867,2016-01-31 01:15:34,1.0,6,31,1,15,75
1868,2016-01-31 01:20:35,1.0,6,31,1,20,80
1869,2016-01-31 01:25:36,1.0,6,31,1,25,85
1870,2016-01-31 01:30:38,1.0,6,31,1,30,90
1871,2016-01-31 01:35:39,1.0,6,31,1,35,95
1872,2016-01-31 01:40:40,1.0,6,31,1,40,100
1873,2016-01-31 01:45:41,1.0,6,31,1,45,105
1874,2016-01-31 01:50:43,1.0,6,31,1,50,110
1875,2016-01-31 01:55:44,1.0,6,31,1,55,115
1876,2016-01-31 02:00:45,1.0,6,31,2,0,120
1877,2016-01-31 02:05:47,1.0,6,31,2,5,125
1878,2016-01-31 02:10:48,1.0,6,31,2,10,130
1879,2016-01-31 02:15:49,1.0,6,31,2,15,135
1880,2016-01-31 02:20:51,1.0,6,31,2,20,140
1881,2016-01-31 02:25:52,1.0,6,31,2,25,145
1882,2016-01-31 02:30:53,1.0,6,31,2,30,150
1883,2016-01-31 02:35:54,1.0,6,31,2,35,155
1884,2016-01-31 02:40:56,1.0,6,31,2,40,160
1885,2016-01-31 02:45:57,1.0,6,31,2,45,165
1886,2016-01-31 02:50:58,1.0,6,31,2,50,170
1887,2016-01-31 02:55:59,1.0,6,31,2,55,175
1888,2016-01-31 03:01:00,1.0,6,31,3,1,181
1889,2016-01-31 03:06:02,1.0,6,31,3,6,186
1890,2016-01-31 03:11:03,1.0,6,31,3,11,191
1891,2016-01-31 03:16:04,1.0,6,31,3,16,196
1892,2016-01-31 03:21:06,1.0,6,31,3,21,201
1893,2016-01-31 03:26:07,1.0,6,31,3,26,206
1894,2016-01-31 03:31:08,1.0,6,31,3,31,211
1895,2016-01-31 03:36:09,1.0,6,31,3,36,216
1896,2016-01-31 03:41:10,1.0,6,31,3,41,221
1897,2016-01-31 03:46:12,1.0,6,31,3,46,226
1898,2016-01-31 03:51:13,1.0,6,31,3,51,231
1899,2016-01-31 03:56:14,1.0,6,31,3,56,236
1900,2016-01-31 04:01:15,1.0,6,31,4,1,241
1901,2016-01-31 04:06:17,1.4,6,31,4,6,246
1902,2016-01-31 04:11:18,1.2,6,31,4,11,251
1903,2016-01-31 04:16:19,1.0,6,31,4,16,256
1904,2016-01-31 04:21:20,1.0,6,31,4,21,261
1905,2016-01-31 04:26:22,1.5,6,31,4,26,266
1906,2016-01-31 04:31:23,1.2,6,31,4,31,271
1907,2016-01-31 04:36:24,1.0,6,31,4,36,276
1908,2016-01-31 04:41:25,1.0,6,31,4,41,281
1909,2016-01-31 04:46:26,1.0,6,31,4,46,286
1910,2016-01-31 04:51:28,1.0,6,31,4,51,291
1911,2016-01-31 04:56:29,1.0,6,31,4,56,296
1912,2016-01-31 05:01:30,1.0,6,31,5,1,301
1913,2016-01-31 05:06:31,1.0,6,31,5,6,306
1914,2016-01-31 05:11:33,1.0,6,31,5,11,311
1915,2016-01-31 05:16:34,1.0,6,31,5,16,316
1916,2016-01-31 05:21:35,1.0,6,31,5,21,321
1917,2016-01-31 05:26:36,1.0,6,31,5,26,326
1918,2016-01-31 05:31:37,1.0,6,31,5,31,331
1919,2016-01-31 05:36:39,1.0,6,31,5,36,336
1920,2016-01-31 05:41:40,1.0,6,31,5,41,341
1921,2016-01-31 05:46:41,1.0,6,31,5,46,346
1922,2016-01-31 05:51:42,1.0,6,31,5,51,351
1923,2016-01-31 05:56:43,1.0,6,31,5,56,356
1924,2016-01-31 06:01:44,1.0,6,31,6,1,361
1925,2016-01-31 06:06:46,1.0,6,31,6,6,366
1926,2016-01-31 06:11:47,1.0,6,31,6,11,371
1927,2016-01-31 06:16:48,1.0,6,31,6,16,376
1928,2016-01-31 06:21:49,1.0,6,31,6,21,381
1929,2016-01-31 06:26:50,1.0,6,31,6,26,386
1930,2016-01-31 06:31:51,1.0,6,31,6,31,391
1931,2016-01-31 06:36:53,1.0,6,31,6,36,396
1932,2016-01-31 06:41:54,1.0,6,31,6,41,401
1933,2016-01-31 06:46:55,1.0,6,31,6,46,406
1934,2016-01-31 06:51:56,1.0,6,31,6,51,411
1935,2016-01-31 06:56:57,1.0,6,31,6,56,416
1936,2016-01-31 07:01:58,1.0,6,31,7,1,421
1937,2016-01-31 07:07:00,1.0,6,31,7,7,427
1938,2016-01-31 07:12:01,1.0,6,31,7,12,432
1939,2016-01-31 07:17:02,1.0,6,31,7,17,437
1940,2016-01-31 07:22:04,1.0,6,31,7,22,442
1941,2016-01-31 07:27:05,1.0,6,31,7,27,447
1942,2016-01-31 07:32:06,1.0,6,31,7,32,452
1943,2016-01-31 07:37:07,1.0,6,31,7,37,457
1944,2016-01-31 07:42:09,1.0,6,31,7,42,462
1945,2016-01-31 07:47:10,1.0,6,31,7,47,467
1946,2016-01-31 07:52:11,1.0,6,31,7,52,472
1947,2016-01-31 07:57:12,1.0,6,31,7,57,477
1948,2016-01-31 08:02:13,1.0,6,31,8,2,482
1949,2016-01-31 08:07:14,1.0,6,31,8,7,487
1950,2016-01-31 08:12:16,1.0,6,31,8,12,492
1951,2016-01-31 08:17:17,1.0,6,31,8,17,497
1952,2016-01-31 08:22:18,1.0,6,31,8,22,502
1953,2016-01-31 08:27:19,1.0,6,31,8,27,507
1954,2016-01-31 08:32:20,1.0,6,31,8,32,512
1955,2016-01-31 08:37:21,1.0,6,31,8,37,517
1956,2016-01-31 08:42:22,1.0,6,31,8,42,522
1957,2016-01-31 08:47:24,1.0,6,31,8,47,527
1958,2016-01-31 08:52:25,1.0,6,31,8,52,532
1959,2016-01-31 08:57:26,1.0,6,31,8,57,537
1960,2016-01-31 09:02:27,1.0,6,31,9,2,542
1961,2016-01-31 09:07:28,1.0,6,31,9,7,547
1962,2016-01-31 09:12:30,1.0,6,31,9,12,552
1963,2016-01-31 09:17:31,1.0,6,31,9,17,557
1964,2016-01-31 09:22:32,1.0,6,31,9,22,562
1965,2016-01-31 09:27:33,1.0,6,31,9,27,567
1966,2016-01-31 09:32:34,1.0,6,31,9,32,572
1967,2016-01-31 09:37:35,1.0,6,31,9,37,577
1968,2016-01-31 09:42:36,1.0,6,31,9,42,582
1969,2016-01-31 09:47:38,1.0,6,31,9,47,587
1970,2016-01-31 09:52:39,1.0,6,31,9,52,592
1971,2016-01-31 09:57:40,1.0,6,31,9,57,597
1972,2016-01-31 10:02:41,1.0,6,31,10,2,602
1973,2016-01-31 10:07:43,1.0,6,31,10,7,607
1974,2016-01-31 10:12:44,1.0,6,31,10,12,612
1975,2016-01-31 10:17:45,1.0,6,31,10,17,617
1976,2016-01-31 10:22:46,1.0,6,31,10,22,622
1977,2016-01-31 10:27:48,1.0,6,31,10,27,627
1978,2016-01-31 10:32:49,1.0,6,31,10,32,632
1979,2016-01-31 10:37:50,1.0,6,31,10,37,637
1980,2016-01-31 10:42:52,1.0,6,31,10,42,642
1981,2016-01-31 10:47:53,1.2,6,31,10,47,647
1982,2016-01-31 10:52:54,1.0,6,31,10,52,652
1983,2016-01-31 10:57:55,1.0,6,31,10,57,657
1984,2016-01-31 11:02:56,1.0,6,31,11,2,662
1985,2016-01-31 11:07:57,1.0,6,31,11,7,667
1986,2016-01-31 11:12:59,1.0,6,31,11,12,672
1987,2016-01-31 11:18:00,1.0,6,31,11,18,678
1988,2016-01-31 11:23:01,1.0,6,31,11,23,683
1989,2016-01-31 11:28:02,1.0,6,31,11,28,688
1990,2016-01-31 11:33:04,1.0,6,31,11,33,693
1991,2016-01-31 11:38:05,1.0,6,31,11,38,698
1992,2016-01-31 11:43:07,1.0,6,31,11,43,703
1993,2016-01-31 11:48:09,1.0,6,31,11,48,708
1994,2016-01-31 11:53:10,1.0,6,31,11,53,713
1995,2016-01-31 11:58:11,1.0,6,31,11,58,718
1996,2016-01-31 12:03:12,1.0,6,31,12,3,723
1997,2016-01-31 12:08:14,1.0,6,31,12,8,728
1998,2016-01-31 12:13:15,1.0,6,31,12,13,733
1999,2016-01-31 12:18:16,1.0,6,31,12,18,738
2000,2016-01-31 12:23:17,1.0,6,31,12,23,743
2001,2016-01-31 12:28:19,1.0,6,31,12,28,748
2002,2016-01-31 12:33:20,1.0,6,31,12,33,753
2003,2016-01-31 12:38:21,1.0,6,31,12,38,758
2004,2016-01-31 12:43:22,1.0,6,31,12,43,763
2005,2016-01-31 12:48:23,1.0,6,31,12,48,768
2006,2016-01-31 12:53:24,1.0,6,31,12,53,773
2007,2016-01-31 12:58:26,1.0,6,31,12,58,778
